ҙъВл,јтіЖ,ИХЖЪ,ҝӘЕМјЫ(ФӘ),ЧоёЯјЫ(ФӘ),ЧоөНјЫ(ФӘ),КХЕМјЫ(ФӘ),іЙҪ»Бҝ(№Й),
002988.SZ,әАГАРВІД,2020-05-18,13.13,15.75,13.13,15.75,215995,
002988.SZ,әАГАРВІД,2020-05-19,17.33,17.33,17.33,17.33,46443,
002988.SZ,әАГАРВІД,2020-05-20,19.06,19.06,19.06,19.06,80819,
002988.SZ,әАГАРВІД,2020-05-21,20.97,20.97,20.97,20.97,175752,
002988.SZ,әАГАРВІД,2020-05-22,23.07,23.07,23.07,23.07,584872,
002988.SZ,әАГАРВІД,2020-05-25,25,25,21.16,23.26,34811351,
002988.SZ,әАГАРВІД,2020-05-26,22.18,23.87,21.77,22.6,24034822,
002988.SZ,әАГАРВІД,2020-05-27,22.07,24.86,22.06,24.65,31367532,
002988.SZ,әАГАРВІД,2020-05-28,24,24.36,22.88,23.41,25024739,
002988.SZ,әАГАРВІД,2020-05-29,23.86,24.74,22.03,22.11,23789396,
002988.SZ,әАГАРВІД,2020-06-01,20.85,22.11,20.45,21.74,18943469,
002988.SZ,әАГАРВІД,2020-06-02,21.29,21.73,21.08,21.67,15147626,
002988.SZ,әАГАРВІД,2020-06-03,21.7,21.7,20.9,20.92,11872166,
002988.SZ,әАГАРВІД,2020-06-04,20.84,21.38,20.76,21.25,10184396,
002988.SZ,әАГАРВІД,2020-06-05,21.18,21.32,20.15,20.26,11391614,
002988.SZ,әАГАРВІД,2020-06-08,20.37,20.76,20.2,20.52,6746986,
002988.SZ,әАГАРВІД,2020-06-09,20.47,20.64,20.21,20.32,5507820,
002988.SZ,әАГАРВІД,2020-06-10,20.21,20.64,19.81,20.4,7018159,
002988.SZ,әАГАРВІД,2020-06-11,20.31,20.59,20.1,20.5,7162501,
002988.SZ,әАГАРВІД,2020-06-12,20,20.98,19.88,20.83,9197135,
002988.SZ,әАГАРВІД,2020-06-15,20.81,21,20.21,20.26,7562705,
002988.SZ,әАГАРВІД,2020-06-16,20.38,20.53,20.08,20.36,5656983,
002988.SZ,әАГАРВІД,2020-06-17,20.48,21.29,20.36,20.74,10743275,
002988.SZ,әАГАРВІД,2020-06-18,20.56,20.6,20.11,20.2,7361729,
002988.SZ,әАГАРВІД,2020-06-19,20.11,20.22,19.46,19.63,9102210,
002988.SZ,әАГАРВІД,2020-06-22,19.43,19.66,19.26,19.31,5485305,
002988.SZ,әАГАРВІД,2020-06-23,19.35,19.53,19.19,19.25,4192449,
002988.SZ,әАГАРВІД,2020-06-24,19.26,19.3,18.65,18.66,6647295,
002988.SZ,әАГАРВІД,2020-06-29,18.52,18.82,18.46,18.74,3214220,
002988.SZ,әАГАРВІД,2020-06-30,18.86,18.86,18.56,18.68,4311083,
002988.SZ,әАГАРВІД,2020-07-01,18.68,18.77,18.47,18.56,3894189,
002988.SZ,әАГАРВІД,2020-07-02,18.58,18.86,18.5,18.77,4457125,
002988.SZ,әАГАРВІД,2020-07-03,18.8,19.12,18.76,19,5558305,
002988.SZ,әАГАРВІД,2020-07-06,19,19.63,19,19.56,8200555,
002988.SZ,әАГАРВІД,2020-07-07,19.64,19.88,19.33,19.87,9885961,
002988.SZ,әАГАРВІД,2020-07-08,19.82,20.34,19.61,20.15,10049641,
002988.SZ,әАГАРВІД,2020-07-09,20.18,21.56,20.01,21.15,14236691,
002988.SZ,әАГАРВІД,2020-07-10,20.87,21.24,20.38,20.46,10477174,
002988.SZ,әАГАРВІД,2020-07-13,20.48,20.93,20.4,20.77,7835590,
002988.SZ,әАГАРВІД,2020-07-14,20.5,20.67,19.82,20.09,9719283,
002988.SZ,әАГАРВІД,2020-07-15,20.09,20.26,19.28,19.34,6099647,
002988.SZ,әАГАРВІД,2020-07-16,19.25,19.36,18.06,18.13,6552787,
002988.SZ,әАГАРВІД,2020-07-17,18.17,18.45,18.1,18.23,3358347,
002988.SZ,әАГАРВІД,2020-07-20,18.5,18.98,18.3,18.9,4492539,
002988.SZ,әАГАРВІД,2020-07-21,18.9,19.05,18.67,18.85,3270497,
002988.SZ,әАГАРВІД,2020-07-22,18.9,19,18.66,18.71,3463814,
002988.SZ,әАГАРВІД,2020-07-23,18.6,18.62,18.05,18.36,4106383,
002988.SZ,әАГАРВІД,2020-07-24,18.25,18.48,17.6,17.71,4079839,
002988.SZ,әАГАРВІД,2020-07-27,17.8,17.92,17.63,17.9,2216244,
002988.SZ,әАГАРВІД,2020-07-28,18,18.35,17.99,18.22,2718078,
002988.SZ,әАГАРВІД,2020-07-29,18.08,18.32,17.91,18.32,3033059,
002988.SZ,әАГАРВІД,2020-07-30,18.29,18.57,18.12,18.46,3308041,
002988.SZ,әАГАРВІД,2020-07-31,18.3,18.55,18.22,18.38,2653202,
002988.SZ,әАГАРВІД,2020-08-03,18.43,18.88,18.39,18.75,4138534,
002988.SZ,әАГАРВІД,2020-08-04,18.74,18.8,18.48,18.54,3172521,
002988.SZ,әАГАРВІД,2020-08-05,18.52,18.81,18.36,18.64,2760176,
002988.SZ,әАГАРВІД,2020-08-06,18.66,18.76,18.33,18.46,2529589,
002988.SZ,әАГАРВІД,2020-08-07,18.38,18.45,17.82,17.96,3141545,
002988.SZ,әАГАРВІД,2020-08-10,17.92,18.47,17.83,18.46,2690088,
002988.SZ,әАГАРВІД,2020-08-11,18.46,18.63,18.18,18.25,2764733,
002988.SZ,әАГАРВІД,2020-08-12,18.2,18.3,17.83,18.3,2658992,
002988.SZ,әАГАРВІД,2020-08-13,18.3,18.75,18.21,18.72,4098493,
002988.SZ,әАГАРВІД,2020-08-14,18.71,18.95,18.58,18.76,3514354,
002988.SZ,әАГАРВІД,2020-08-17,18.76,18.86,18.4,18.71,3652682,
002988.SZ,әАГАРВІД,2020-08-18,18.68,18.81,18.52,18.57,3048843,
002988.SZ,әАГАРВІД,2020-08-19,18.51,18.55,18.18,18.19,2750550,
002988.SZ,әАГАРВІД,2020-08-20,18.01,18.2,18,18.06,2049607,
002988.SZ,әАГАРВІД,2020-08-21,18.07,18.18,17.94,18.01,1538406,
002988.SZ,әАГАРВІД,2020-08-24,18.04,18.12,17.85,18.05,1739159,
002988.SZ,әАГАРВІД,2020-08-25,18.01,18.34,18.01,18.22,2145253,
002988.SZ,әАГАРВІД,2020-08-26,18.24,18.25,17.7,17.75,2493452,
002988.SZ,әАГАРВІД,2020-08-27,17.76,18.08,17.58,17.89,1877912,
002988.SZ,әАГАРВІД,2020-08-28,17.89,17.91,17.62,17.81,1456085,
002988.SZ,әАГАРВІД,2020-08-31,17.91,17.95,17.8,17.82,1421110,
002988.SZ,әАГАРВІД,2020-09-01,17.94,17.94,17.73,17.91,1199601,
002988.SZ,әАГАРВІД,2020-09-02,18,18,17.73,17.79,1203137,
002988.SZ,әАГАРВІД,2020-09-03,17.76,17.76,17.6,17.6,1594648,
002988.SZ,әАГАРВІД,2020-09-04,17.59,17.59,17.35,17.52,1856070,
002988.SZ,әАГАРВІД,2020-09-07,17.5,17.72,17.31,17.58,1969600,
002988.SZ,әАГАРВІД,2020-09-08,17.52,17.75,17.49,17.64,2046880,
002988.SZ,әАГАРВІД,2020-09-09,17.44,17.52,17.22,17.3,2361528,
002988.SZ,әАГАРВІД,2020-09-10,17.38,17.5,16.61,16.66,2185002,
002988.SZ,әАГАРВІД,2020-09-11,16.5,16.67,16.33,16.61,1272403,
002988.SZ,әАГАРВІД,2020-09-14,16.67,17.28,16.62,16.82,1197754,
002988.SZ,әАГАРВІД,2020-09-15,16.8,16.95,16.68,16.9,1095707,
002988.SZ,әАГАРВІД,2020-09-16,16.97,18.25,16.92,17.9,7273904,
002988.SZ,әАГАРВІД,2020-09-17,17.71,17.95,17.32,17.51,4129844,
002988.SZ,әАГАРВІД,2020-09-18,17.57,17.71,17.32,17.48,2375812,
002988.SZ,әАГАРВІД,2020-09-21,17.5,17.6,17.31,17.34,1602664,
002988.SZ,әАГАРВІД,2020-09-22,17.3,17.3,16.71,16.76,2565909,
002988.SZ,әАГАРВІД,2020-09-23,16.76,17.04,16.75,16.9,1095021,
002988.SZ,әАГАРВІД,2020-09-24,16.75,16.75,16.47,16.5,1417005,
002988.SZ,әАГАРВІД,2020-09-25,16.59,16.99,16.35,16.92,2232095,
002988.SZ,әАГАРВІД,2020-09-28,16.87,17.69,16.78,17.5,4302379,
002988.SZ,әАГАРВІД,2020-09-29,17.51,19.17,17.12,17.12,5777619,
002988.SZ,әАГАРВІД,2020-09-30,16.77,16.8,16.35,16.45,2799899,
002988.SZ,әАГАРВІД,2020-10-09,16.51,17.31,16.5,16.89,1796207,
002988.SZ,әАГАРВІД,2020-10-12,17.05,17.17,16.89,17.12,1850597,
002988.SZ,әАГАРВІД,2020-10-13,17.07,17.13,16.93,17.08,1304810,
002988.SZ,әАГАРВІД,2020-10-14,17,17.1,16.75,16.78,1413605,
002988.SZ,әАГАРВІД,2020-10-15,16.63,16.86,16.63,16.66,962300,
002988.SZ,әАГАРВІД,2020-10-16,16.58,16.73,16.56,16.7,722202,
002988.SZ,әАГАРВІД,2020-10-19,16.79,16.93,16.72,16.81,1048165,
002988.SZ,әАГАРВІД,2020-10-20,16.77,16.82,16.65,16.79,913929,
002988.SZ,әАГАРВІД,2020-10-21,16.81,16.88,16.58,16.61,984500,
002988.SZ,әАГАРВІД,2020-10-22,16.63,16.63,16.43,16.5,912529,
002988.SZ,әАГАРВІД,2020-10-23,16.5,16.64,16.35,16.36,968005,
002988.SZ,әАГАРВІД,2020-10-26,16.35,16.45,16.24,16.34,723402,
002988.SZ,әАГАРВІД,2020-10-27,16.35,16.43,16.31,16.4,693700,
002988.SZ,әАГАРВІД,2020-10-28,16.34,16.39,16.02,16.07,1524921,
002988.SZ,әАГАРВІД,2020-10-29,16.06,16.06,15.76,15.78,1229382,
002988.SZ,әАГАРВІД,2020-10-30,15.77,15.87,15.38,15.41,1243705,
002988.SZ,әАГАРВІД,2020-11-02,15.4,15.4,15.08,15.17,1114697,
002988.SZ,әАГАРВІД,2020-11-03,15.19,15.62,15.19,15.6,1300397,
002988.SZ,әАГАРВІД,2020-11-04,15.6,15.8,15.51,15.7,813505,
002988.SZ,әАГАРВІД,2020-11-05,15.71,15.81,15.64,15.79,915633,
002988.SZ,әАГАРВІД,2020-11-06,15.8,15.86,15.57,15.71,889904,
002988.SZ,әАГАРВІД,2020-11-09,15.76,16.24,15.76,16.15,1975122,
002988.SZ,әАГАРВІД,2020-11-10,16.24,16.3,16,16.1,1671615,
002988.SZ,әАГАРВІД,2020-11-11,16.15,16.98,15.95,16.35,3548427,
002988.SZ,әАГАРВІД,2020-11-12,16.32,16.32,15.83,15.86,2189129,
002988.SZ,әАГАРВІД,2020-11-13,15.7,16.48,15.58,16.33,2902789,
002988.SZ,әАГАРВІД,2020-11-16,16.19,17.96,16.19,17.96,7555266,
002988.SZ,әАГАРВІД,2020-11-17,18.19,18.75,17.26,17.53,12213578,
002988.SZ,әАГАРВІД,2020-11-18,17,17.66,16.71,17.35,6970303,
002988.SZ,әАГАРВІД,2020-11-19,17.17,17.48,16.76,16.87,5213557,
002988.SZ,әАГАРВІД,2020-11-20,16.82,18.3,16.82,17.78,9923907,
002988.SZ,әАГАРВІД,2020-11-23,17.5,17.55,16,17.37,6959836,
002988.SZ,әАГАРВІД,2020-11-24,17.31,17.37,16.93,17.15,4142616,
002988.SZ,әАГАРВІД,2020-11-25,17.18,17.28,16.56,16.68,3986400,
002988.SZ,әАГАРВІД,2020-11-26,16.54,16.97,16.46,16.92,2712484,
002988.SZ,әАГАРВІД,2020-11-27,16.8,16.94,16.5,16.64,2251800,
002988.SZ,әАГАРВІД,2020-11-30,16.79,17.15,16.53,17,3663307,
002988.SZ,әАГАРВІД,2020-12-01,16.91,17.06,16.57,16.99,2804312,
002988.SZ,әАГАРВІД,2020-12-02,16.91,17.69,16.91,17.25,4567217,
002988.SZ,әАГАРВІД,2020-12-03,17.04,17.1,16.79,17.06,2929083,
002988.SZ,әАГАРВІД,2020-12-04,16.96,17.82,16.81,17.43,4862907,
002988.SZ,әАГАРВІД,2020-12-07,17.3,17.37,17.09,17.29,2921100,
002988.SZ,әАГАРВІД,2020-12-08,17.4,17.54,17.19,17.21,2448009,
002988.SZ,әАГАРВІД,2020-12-09,17.11,17.13,16.16,16.18,3943400,
002988.SZ,әАГАРВІД,2020-12-10,16.18,16.28,15.96,16.01,1858700,
002988.SZ,әАГАРВІД,2020-12-11,16.1,16.26,15.68,15.81,1660397,
002988.SZ,әАГАРВІД,2020-12-14,15.95,15.95,15.62,15.86,709494,
002988.SZ,әАГАРВІД,2020-12-15,15.86,16.07,15.8,16.01,849200,
002988.SZ,әАГАРВІД,2020-12-16,16.08,16.18,15.8,15.82,814800,
002988.SZ,әАГАРВІД,2020-12-17,15.81,16.13,15.64,16.03,1438382,
002988.SZ,әАГАРВІД,2020-12-18,16.04,16.19,15.85,16.01,1272900,
002988.SZ,әАГАРВІД,2020-12-21,15.89,16.08,15.86,15.95,863100,
002988.SZ,әАГАРВІД,2020-12-22,15.8,16.12,15.47,15.51,1269805,
002988.SZ,әАГАРВІД,2020-12-23,15.5,15.75,15.3,15.33,1211500,
002988.SZ,әАГАРВІД,2020-12-24,15.29,15.32,14.97,15,1369700,
002988.SZ,әАГАРВІД,2020-12-25,14.92,15.24,14.85,15.14,886194,
002988.SZ,әАГАРВІД,2020-12-28,15.24,15.24,14.66,14.66,1153806,
002988.SZ,әАГАРВІД,2020-12-29,14.61,14.82,14.61,14.62,893597,
002988.SZ,әАГАРВІД,2020-12-30,14.6,14.72,14.51,14.63,695397,
002988.SZ,әАГАРВІД,2020-12-31,14.67,14.87,14.6,14.67,1029491,
002988.SZ,әАГАРВІД,2021-01-04,14.92,15.18,14.75,15.03,1457348,
002988.SZ,әАГАРВІД,2021-01-05,14.89,14.98,14.83,14.89,1067000,
002988.SZ,әАГАРВІД,2021-01-06,14.88,15.03,14.66,14.71,1044484,
002988.SZ,әАГАРВІД,2021-01-07,14.7,14.79,14.08,14.12,1655997,
002988.SZ,әАГАРВІД,2021-01-08,14.01,14.07,13.6,13.7,1810332,
002988.SZ,әАГАРВІД,2021-01-11,13.75,13.76,13.15,13.2,1973697,
002988.SZ,әАГАРВІД,2021-01-12,13,13.34,13,13.16,790649,
002988.SZ,әАГАРВІД,2021-01-13,13.22,13.26,12.71,12.71,1591933,
002988.SZ,әАГАРВІД,2021-01-14,12.75,12.75,12.36,12.72,1398005,
002988.SZ,әАГАРВІД,2021-01-15,12.6,13.17,12.6,13.11,1429036,
002988.SZ,әАГАРВІД,2021-01-18,13.14,13.49,13.14,13.25,1181500,
002988.SZ,әАГАРВІД,2021-01-19,13.23,13.45,13,13.3,1009527,
002988.SZ,әАГАРВІД,2021-01-20,13.3,13.49,13.28,13.46,1010117,
002988.SZ,әАГАРВІД,2021-01-21,13.48,13.59,13.34,13.49,1149406,
002988.SZ,әАГАРВІД,2021-01-22,13.57,14.2,13.3,13.65,2342912,
002988.SZ,әАГАРВІД,2021-01-25,13.52,13.75,13.3,13.36,1138287,
002988.SZ,әАГАРВІД,2021-01-26,13.15,13.73,13.15,13.53,1395805,
002988.SZ,әАГАРВІД,2021-01-27,13.45,13.69,13.41,13.62,1075920,
002988.SZ,әАГАРВІД,2021-01-28,13.56,13.87,13.45,13.72,1642361,
002988.SZ,әАГАРВІД,2021-01-29,13.86,13.86,13.06,13.14,1766000,
002988.SZ,әАГАРВІД,2021-02-01,12.98,13.45,12.95,13.41,865211,
002988.SZ,әАГАРВІД,2021-02-02,13.59,13.71,13.47,13.6,911900,
002988.SZ,әАГАРВІД,2021-02-03,13.6,13.6,13.31,13.38,767844,
002988.SZ,әАГАРВІД,2021-02-04,13.33,13.33,12.59,12.8,1554202,
002988.SZ,әАГАРВІД,2021-02-05,12.96,13.98,12.74,13.23,2370705,
002988.SZ,әАГАРВІД,2021-02-08,13.28,13.63,12.82,13.51,1507603,
002988.SZ,әАГАРВІД,2021-02-09,13.3,13.58,13.1,13.41,1942802,
002988.SZ,әАГАРВІД,2021-02-10,13.36,13.36,13.12,13.16,1170527,
002988.SZ,әАГАРВІД,2021-02-18,13.26,13.79,13.26,13.7,1907205,
002988.SZ,әАГАРВІД,2021-02-19,13.59,14.17,13.5,14.12,2702034,
002988.SZ,әАГАРВІД,2021-02-22,14.13,14.86,14.1,14.47,4443038,
002988.SZ,әАГАРВІД,2021-02-23,14.28,14.7,14.2,14.21,2193605,
002988.SZ,әАГАРВІД,2021-02-24,14.18,14.36,13.91,14.05,1913600,
002988.SZ,әАГАРВІД,2021-02-25,14.01,14.3,13.92,13.95,1157600,
002988.SZ,әАГАРВІД,2021-02-26,13.84,13.91,13.62,13.87,1005422,
002988.SZ,әАГАРВІД,2021-03-01,14.05,14.12,13.95,14.04,1128000,
002988.SZ,әАГАРВІД,2021-03-02,14.06,14.1,13.67,13.73,1449701,
002988.SZ,әАГАРВІД,2021-03-03,13.8,14.25,13.72,14.18,2238306,
002988.SZ,әАГАРВІД,2021-03-04,14.07,14.23,13.95,14.16,1622900,
002988.SZ,әАГАРВІД,2021-03-05,14.01,14.1,13.84,13.94,1410535,
002988.SZ,әАГАРВІД,2021-03-08,13.98,14.18,13.87,13.9,1029424,
002988.SZ,әАГАРВІД,2021-03-09,13.98,13.98,13.3,13.38,1532800,
002988.SZ,әАГАРВІД,2021-03-10,13.38,13.51,13.05,13.09,1063558,
002988.SZ,әАГАРВІД,2021-03-11,13.38,13.76,13.19,13.63,1826705,
002988.SZ,әАГАРВІД,2021-03-12,13.51,14.08,13.5,13.93,2476088,
002988.SZ,әАГАРВІД,2021-03-15,13.71,14.05,13.58,13.69,1557781,
002988.SZ,әАГАРВІД,2021-03-16,13.62,14.2,13.62,14.2,2517122,
002988.SZ,әАГАРВІД,2021-03-17,14.06,14.27,13.91,14.27,2395737,
002988.SZ,әАГАРВІД,2021-03-18,14.99,15.7,14.9,15.7,3371192,
002988.SZ,әАГАРВІД,2021-03-19,16.04,17.27,15.8,17.27,16696679,
002988.SZ,әАГАРВІД,2021-03-22,16.94,18.14,16.43,17.26,21866594,
002988.SZ,әАГАРВІД,2021-03-23,16.8,16.8,15.53,15.53,13746408,
002988.SZ,әАГАРВІД,2021-03-24,14.66,14.98,14.43,14.9,9665721,
002988.SZ,әАГАРВІД,2021-03-25,14.79,15.38,14.51,15.2,7713489,
002988.SZ,әАГАРВІД,2021-03-26,15,15.17,14.67,15.15,6150022,
002988.SZ,әАГАРВІД,2021-03-29,14.94,15.14,14.71,14.94,4336694,
002988.SZ,әАГАРВІД,2021-03-30,14.83,14.84,14.46,14.75,4647692,
002988.SZ,әАГАРВІД,2021-03-31,14.7,14.94,14.53,14.8,3677205,
002988.SZ,әАГАРВІД,2021-04-01,14.55,14.59,13.99,14.37,5142652,
002988.SZ,әАГАРВІД,2021-04-02,14.37,14.41,14.15,14.2,3558994,
002988.SZ,әАГАРВІД,2021-04-06,14.2,14.68,14.19,14.58,3636677,
002988.SZ,әАГАРВІД,2021-04-07,14.49,15.27,14.43,15.15,6848966,
002988.SZ,әАГАРВІД,2021-04-08,15.2,16.1,14.97,15.21,9453150,
002988.SZ,әАГАРВІД,2021-04-09,14.95,15.39,14.85,15.39,6127379,
002988.SZ,әАГАРВІД,2021-04-12,15.39,15.4,14.49,14.58,5716401,
002988.SZ,әАГАРВІД,2021-04-13,14.73,14.93,14.32,14.35,3197091,
002988.SZ,әАГАРВІД,2021-04-14,14.23,15.38,14.22,14.91,5915012,
002988.SZ,әАГАРВІД,2021-04-15,15.04,15.79,14.92,15.61,8614222,
002988.SZ,әАГАРВІД,2021-04-16,15.46,15.97,15.04,15.67,8782492,
002988.SZ,әАГАРВІД,2021-04-19,15.72,15.82,15.35,15.53,5832716,
002988.SZ,әАГАРВІД,2021-04-20,15.53,15.68,15.24,15.25,5515300,
002988.SZ,әАГАРВІД,2021-04-21,15.2,15.4,15.01,15.24,3231100,
002988.SZ,әАГАРВІД,2021-04-22,15.3,15.5,15.05,15.18,4031305,
002988.SZ,әАГАРВІД,2021-04-23,15.1296,15.1296,14.5849,14.8472,4043932,
002988.SZ,әАГАРВІД,2021-04-26,14.7866,16.3298,14.7261,16.3298,9951414,
002988.SZ,әАГАРВІД,2021-04-27,15.9768,16.8039,15.7852,16.0071,14753322,
002988.SZ,әАГАРВІД,2021-04-28,15.9567,15.9567,15.291,15.8054,8461810,
002988.SZ,әАГАРВІД,2021-04-29,15.765,16.0172,15.3414,15.4826,7023697,
002988.SZ,әАГАРВІД,2021-04-30,15.5532,15.6036,14.9379,15.1497,5365910,
002988.SZ,әАГАРВІД,2021-05-06,15.2809,15.876,15.1397,15.4826,5563797,
002988.SZ,әАГАРВІД,2021-05-07,15.1901,15.765,15.1497,15.1699,7049300,
002988.SZ,әАГАРВІД,2021-05-10,15.0085,15.0287,13.8183,14.2621,7941324,
002988.SZ,әАГАРВІД,2021-05-11,14.0201,14.0201,13.2938,13.4754,5671517,
002988.SZ,әАГАРВІД,2021-05-12,13.4048,13.5561,13.3241,13.5157,2639807,
002988.SZ,әАГАРВІД,2021-05-13,13.4552,13.6065,13.3342,13.4149,2048946,
002988.SZ,әАГАРВІД,2021-05-14,13.4351,13.4956,13.2333,13.3745,2515100,
002988.SZ,әАГАРВІД,2021-05-17,13.3544,13.6065,13.1224,13.5662,3083200,
002988.SZ,әАГАРВІД,2021-05-18,13.5964,13.7578,13.3645,13.7477,2661400,
002988.SZ,әАГАРВІД,2021-05-19,13.5964,13.657,13.314,13.4149,2421900,
002988.SZ,әАГАРВІД,2021-05-20,13.3443,13.5359,13.2333,13.3544,1686778,
002988.SZ,әАГАРВІД,2021-05-21,13.3241,13.6469,13.314,13.4451,1546800,
002988.SZ,әАГАРВІД,2021-05-24,13.5561,13.5561,13.314,13.4351,1590078,
002988.SZ,әАГАРВІД,2021-05-25,13.4149,13.4552,13.3342,13.4149,1621347,
002988.SZ,әАГАРВІД,2021-05-26,13.4149,13.5258,13.3342,13.5258,1977870,
002988.SZ,әАГАРВІД,2021-05-27,13.5359,13.7679,13.4653,13.6872,2429915,
002988.SZ,әАГАРВІД,2021-05-28,13.7175,13.8688,13.425,13.4552,2474052,
002988.SZ,әАГАРВІД,2021-05-31,13.4956,13.5662,13.3241,13.5561,1719284,
002988.SZ,әАГАРВІД,2021-06-01,13.5157,13.6267,13.425,13.6065,1632385,
002988.SZ,әАГАРВІД,2021-06-02,13.5964,13.5964,13.5057,13.546,1410200,
002988.SZ,әАГАРВІД,2021-06-03,13.5964,13.6771,13.5258,13.6166,1613439,
002988.SZ,әАГАРВІД,2021-06-04,13.5964,13.667,13.4149,13.4552,1718100,
002988.SZ,әАГАРВІД,2021-06-07,13.4552,13.4855,13.3846,13.4653,1200900,
002988.SZ,әАГАРВІД,2021-06-08,13.4653,13.4754,13.3645,13.4754,1124255,
002988.SZ,әАГАРВІД,2021-06-09,13.4956,13.667,13.3947,13.6267,1792199,
002988.SZ,әАГАРВІД,2021-06-10,13.6267,13.667,13.4956,13.5763,1209905,
002988.SZ,әАГАРВІД,2021-06-11,13.5763,13.7175,13.5157,13.6973,1889600,
002988.SZ,әАГАРВІД,2021-06-15,13.7477,13.7477,13.3947,13.4552,1466200,
002988.SZ,әАГАРВІД,2021-06-16,13.4552,13.5359,13.3846,13.5258,963415,
002988.SZ,әАГАРВІД,2021-06-17,13.4552,13.5561,13.4451,13.4956,1100805,
002988.SZ,әАГАРВІД,2021-06-18,13.5157,13.5157,13.2434,13.314,1802305,
002988.SZ,әАГАРВІД,2021-06-21,13.314,13.4754,13.2838,13.3544,1122009,
002988.SZ,әАГАРВІД,2021-06-22,13.3544,13.4653,13.2636,13.4653,1314624,
002988.SZ,әАГАРВІД,2021-06-23,13.4653,13.5864,13.4149,13.5157,1462914,
002988.SZ,әАГАРВІД,2021-06-24,13.5258,13.7881,13.4351,13.7074,3010760,
002988.SZ,әАГАРВІД,2021-06-25,13.7376,13.8183,13.5561,13.7276,2165800,
002988.SZ,әАГАРВІД,2021-06-28,13.7276,14.01,13.6872,13.9394,2617415,
002988.SZ,әАГАРВІД,2021-06-29,13.9696,14.0503,13.6267,13.6368,1956805,
002988.SZ,әАГАРВІД,2021-06-30,13.6166,13.6469,13.4351,13.5258,1462121,
002988.SZ,әАГАРВІД,2021-07-01,13.657,13.657,13.4048,13.4149,1171400,
002988.SZ,әАГАРВІД,2021-07-02,13.4754,13.4754,13.314,13.3645,983400,
002988.SZ,әАГАРВІД,2021-07-05,13.3645,13.5763,13.3645,13.5763,1052805,
002988.SZ,әАГАРВІД,2021-07-06,13.6368,13.7982,13.5057,13.7881,1947700,
002988.SZ,әАГАРВІД,2021-07-07,13.7578,13.9394,13.7175,13.8889,2112696,
002988.SZ,әАГАРВІД,2021-07-08,13.8688,13.9394,13.5864,13.667,1895016,
002988.SZ,әАГАРВІД,2021-07-09,13.6065,14.0503,13.546,13.9696,2626916,
002988.SZ,әАГАРВІД,2021-07-12,14.1209,14.9783,13.9999,14.6757,6698014,
002988.SZ,әАГАРВІД,2021-07-13,14.595,15.0186,14.4639,14.7665,4448221,
002988.SZ,әАГАРВІД,2021-07-14,14.7564,14.7564,14.3428,14.363,2790773,
002988.SZ,әАГАРВІД,2021-07-15,14.2924,14.484,14.0705,14.4437,2295112,
002988.SZ,әАГАРВІД,2021-07-16,14.4639,14.6959,14.3227,14.5546,2728900,
002988.SZ,әАГАРВІД,2021-07-19,14.4437,14.8371,14.2823,14.7564,2831000,
002988.SZ,әАГАРВІД,2021-07-20,14.5042,14.6555,14.4437,14.5345,1645541,
002988.SZ,әАГАРВІД,2021-07-21,14.5546,14.8169,14.474,14.8169,2587341,
002988.SZ,әАГАРВІД,2021-07-22,14.8371,15.0287,14.6253,14.7765,2618341,
002988.SZ,әАГАРВІД,2021-07-23,14.7261,14.8572,14.2924,14.4639,2507516,
002988.SZ,әАГАРВІД,2021-07-26,14.3025,14.6757,14.1613,14.4639,2549100,
002988.SZ,әАГАРВІД,2021-07-27,14.4639,14.7967,13.9394,14.01,2784305,
002988.SZ,әАГАРВІД,2021-07-28,13.8587,13.9797,13.2132,13.4048,2473400,
002988.SZ,әАГАРВІД,2021-07-29,13.5258,14.2924,13.5258,14.2218,2849183,
002988.SZ,әАГАРВІД,2021-07-30,14.0907,14.7059,14.0907,14.6152,2961996,
002988.SZ,әАГАРВІД,2021-08-02,14.6152,14.8875,14.5143,14.8774,2970636,
002988.SZ,әАГАРВІД,2021-08-03,14.8472,15.644,14.7665,15.4826,6541026,
002988.SZ,әАГАРВІД,2021-08-04,15.4927,15.876,15.1598,15.7852,5096475,
002988.SZ,әАГАРВІД,2021-08-05,15.6339,15.9869,15.4826,15.6137,2437122,
002988.SZ,әАГАРВІД,2021-08-06,15.5734,15.7852,15.4927,15.7247,1808400,
002988.SZ,әАГАРВІД,2021-08-09,15.7045,15.9163,15.4322,15.8961,2984354,
002988.SZ,әАГАРВІД,2021-08-10,15.876,16.1079,15.8054,16.0777,2090128,
002988.SZ,әАГАРВІД,2021-08-11,16.0979,16.2391,15.9264,16.1685,1560900,
002988.SZ,әАГАРВІД,2021-08-12,16.1079,16.7434,16.0373,16.6425,2699289,
002988.SZ,әАГАРВІД,2021-08-13,16.6425,17.167,16.4206,16.9552,3793972,
002988.SZ,әАГАРВІД,2021-08-16,18.0445,18.6497,18.0344,18.6497,4215721,
002988.SZ,әАГАРВІД,2021-08-17,18.801,19.2852,17.4999,17.6512,9529435,
002988.SZ,әАГАРВІД,2021-08-18,17.631,17.8428,17.2175,17.7319,4383105,
002988.SZ,әАГАРВІД,2021-08-19,17.4494,18.9019,17.2981,18.7405,7099134,
002988.SZ,әАГАРВІД,2021-08-20,19.1137,19.154,17.9538,18.8918,5847265,
002988.SZ,әАГАРВІД,2021-08-23,18.8111,18.9624,18.2463,18.5589,4476797,
002988.SZ,әАГАРВІД,2021-08-24,18.5589,19.0834,18.5186,18.9927,3596681,
002988.SZ,әАГАРВІД,2021-08-25,19.0633,19.9206,18.7607,19.6785,4787897,
002988.SZ,әАГАРВІД,2021-08-26,19.5575,20.0316,18.8212,19.7189,3352509,
002988.SZ,әАГАРВІД,2021-08-27,19.3558,20.0316,19.3558,19.6684,2554233,
002988.SZ,әАГАРВІД,2021-08-30,19.9811,20.0719,19.5474,19.7592,2497172,
002988.SZ,әАГАРВІД,2021-08-31,19.6584,20.5056,19.3658,20.3846,3144502,
002988.SZ,әАГАРВІД,2021-09-01,20.3846,21.131,19.7189,20.1828,4239110,
002988.SZ,әАГАРВІД,2021-09-02,20.0719,21.5647,19.85,21.131,3830487,
002988.SZ,әАГАРВІД,2021-09-03,21.3932,21.4537,20.5258,20.8788,2347300,
002988.SZ,әАГАРВІД,2021-09-06,20.8788,21.131,19.971,20.0719,2512184,
002988.SZ,әАГАРВІД,2021-09-07,19.971,20.8687,19.8702,20.6569,2348466,
002988.SZ,әАГАРВІД,2021-09-08,20.6468,21.3428,20.5056,21.131,2504572,
002988.SZ,әАГАРВІД,2021-09-09,20.8788,21.7664,20.8788,21.1814,2296706,
002988.SZ,әАГАРВІД,2021-09-10,21.5849,21.5849,20.4552,20.7073,2554905,
002988.SZ,әАГАРВІД,2021-09-13,20.5056,21.7866,20.5056,21.7261,4094714,
002988.SZ,әАГАРВІД,2021-09-14,21.5647,21.6756,21.2016,21.2621,2935400,
002988.SZ,әАГАРВІД,2021-09-15,21.4739,21.4739,20.899,21.1411,1457105,
002988.SZ,әАГАРВІД,2021-09-16,20.9595,21.3831,20.1223,20.2736,2560482,
002988.SZ,әАГАРВІД,2021-09-17,20.3543,20.6166,19.386,19.8803,2316506,
002988.SZ,әАГАРВІД,2021-09-22,19.8097,20.2131,19.3658,19.9206,1768200,
002988.SZ,әАГАРВІД,2021-09-23,19.9206,20.435,19.9206,20.1526,1042039,
002988.SZ,әАГАРВІД,2021-09-24,20.1526,20.556,19.4163,19.4163,1219400,
002988.SZ,әАГАРВІД,2021-09-27,19.3759,20.1627,17.8529,17.9134,2709100,
002988.SZ,әАГАРВІД,2021-09-28,17.9134,18.1958,16.8039,17.4999,3424310,
002988.SZ,әАГАРВІД,2021-09-29,17.5402,18.1454,16.4408,16.5517,3529400,
002988.SZ,әАГАРВІД,2021-09-30,16.582,16.7535,16.2592,16.5215,2017100,
002988.SZ,әАГАРВІД,2021-10-08,16.6728,18.1757,16.6627,18.1757,1656894,
002988.SZ,әАГАРВІД,2021-10-11,19.1641,19.9912,18.2967,18.8514,5076734,
002988.SZ,әАГАРВІД,2021-10-12,18.9624,19.85,18.6699,19.6483,4668326,
002988.SZ,әАГАРВІД,2021-10-13,19.4062,19.5676,18.7203,18.8615,3034310,
002988.SZ,әАГАРВІД,2021-10-14,18.8615,19.971,18.8313,19.8097,2987397,
002988.SZ,әАГАРВІД,2021-10-15,19.8097,20.1728,19.4062,19.9307,2260500,
002988.SZ,әАГАРВІД,2021-10-18,19.9105,20.203,19.5877,20.0719,2416975,
002988.SZ,әАГАРВІД,2021-10-19,20.435,20.435,19.5676,19.7592,1880087,
002988.SZ,әАГАРВІД,2021-10-20,19.7592,20.2837,19.5978,19.9004,2095405,
002988.SZ,әАГАРВІД,2021-10-21,20.0719,20.2635,19.618,19.6483,1176200,
002988.SZ,әАГАРВІД,2021-10-22,19.4768,19.7491,19.0935,19.1742,1787051,
002988.SZ,әАГАРВІД,2021-10-25,19.1742,19.6684,18.8716,18.9019,1752500,
002988.SZ,әАГАРВІД,2021-10-26,19.154,19.154,18.2765,18.4278,1856800,
002988.SZ,әАГАРВІД,2021-10-27,18.5993,18.6295,17.863,18.0344,1216700,
002988.SZ,әАГАРВІД,2021-10-28,18.0445,18.1051,17.0964,17.4898,1221091,
002988.SZ,әАГАРВІД,2021-10-29,17.4293,17.8226,17.3486,17.5503,845247,
002988.SZ,әАГАРВІД,2021-11-01,17.7419,18.9019,17.6007,18.4379,2049047,
002988.SZ,әАГАРВІД,2021-11-02,18.6396,19.0633,17.399,17.7218,1854240,
002988.SZ,әАГАРВІД,2021-11-03,17.4898,18.5993,17.4797,18.5892,1548993,
002988.SZ,әАГАРВІД,2021-11-04,18.4581,18.5186,17.984,18.1252,1749605,
002988.SZ,әАГАРВІД,2021-11-05,18.0647,18.4379,17.9437,18.0042,1283093,
002988.SZ,әАГАРВІД,2021-11-08,17.9437,17.9941,17.5503,17.7218,873195,
002988.SZ,әАГАРВІД,2021-11-09,17.7722,17.9941,17.5906,17.8932,694900,
002988.SZ,әАГАРВІД,2021-11-10,18.0344,18.0344,17.167,17.8529,1318800,
002988.SZ,әАГАРВІД,2021-11-11,17.752,18.2362,17.4494,17.4696,1524800,
002988.SZ,әАГАРВІД,2021-11-12,17.5301,18.1958,17.4494,18.0849,2437600,
002988.SZ,әАГАРВІД,2021-11-15,18.337,18.337,17.5301,18.0344,1534301,
002988.SZ,әАГАРВІД,2021-11-16,18.0849,18.0849,17.7016,17.7016,1174226,
002988.SZ,әАГАРВІД,2021-11-17,17.7722,19.4768,17.631,19.4768,3394321,
002988.SZ,әАГАРВІД,2021-11-18,20.9797,21.4235,20.3745,20.6065,13554909,
002988.SZ,әАГАРВІД,2021-11-19,20.5157,20.5863,19.1944,19.9811,11004011,
002988.SZ,әАГАРВІД,2021-11-22,19.9912,21.6252,19.9912,20.6166,9110329,
002988.SZ,әАГАРВІД,2021-11-23,20.7779,21.6151,20.4754,21.0604,6177341,
002988.SZ,әАГАРВІД,2021-11-24,21.0906,23.1684,20.9091,23.1684,8336886,
002988.SZ,әАГАРВІД,2021-11-25,23.2794,23.9753,22.0892,22.4825,7212955,
002988.SZ,әАГАРВІД,2021-11-26,22.8255,22.8759,21.9076,22.4321,5081138,
002988.SZ,әАГАРВІД,2021-11-29,22.4321,22.5431,21.6857,22.069,4938104,
002988.SZ,әАГАРВІД,2021-11-30,22.4926,22.5531,20.9292,21.0805,5271394,
002988.SZ,әАГАРВІД,2021-12-01,21.1511,22.5431,20.7679,21.7866,6532847,
002988.SZ,әАГАРВІД,2021-12-02,22.0589,22.0589,20.9393,21.2419,4204024,
002988.SZ,әАГАРВІД,2021-12-03,21.2621,21.4235,20.5964,20.8889,2813841,
002988.SZ,әАГАРВІД,2021-12-06,20.9494,21.2923,20.2736,20.4249,2328100,
002988.SZ,әАГАРВІД,2021-12-07,20.4754,20.8687,19.6483,19.8601,2819500,
002988.SZ,әАГАРВІД,2021-12-08,19.8601,20.4754,19.7693,20.2535,1725445,
002988.SZ,әАГАРВІД,2021-12-09,20.203,20.3341,19.729,19.9105,1887982,
002988.SZ,әАГАРВІД,2021-12-10,19.9307,21.0906,19.7794,21.0906,3932850,
002988.SZ,әАГАРВІД,2021-12-13,21.1814,21.8874,20.5056,21.0906,4389449,
002988.SZ,әАГАРВІД,2021-12-14,20.9797,21.1511,20.7376,20.9797,2430566,
002988.SZ,әАГАРВІД,2021-12-15,20.7679,21.6857,20.7578,21.2923,2708449,
002988.SZ,әАГАРВІД,2021-12-16,21.1814,21.716,21.131,21.5243,2335791,
002988.SZ,әАГАРВІД,2021-12-17,21.7563,21.7563,20.9292,21.131,2207832,
002988.SZ,әАГАРВІД,2021-12-20,21.1915,21.6151,20.8788,20.9091,2031700,
002988.SZ,әАГАРВІД,2021-12-21,20.9797,21.2823,20.2635,20.4955,3213900,
002988.SZ,әАГАРВІД,2021-12-22,20.6266,21.0402,20.6166,20.8284,1901617,
002988.SZ,әАГАРВІД,2021-12-23,20.8284,21.8874,20.6166,21.2117,3626145,
002988.SZ,әАГАРВІД,2021-12-24,21.7261,22.069,20.2635,20.4249,3723831,
002988.SZ,әАГАРВІД,2021-12-27,20.0215,20.6771,19.9912,20.3846,1952725,
002988.SZ,әАГАРВІД,2021-12-28,20.556,20.6367,20.1022,20.5762,1415600,
002988.SZ,әАГАРВІД,2021-12-29,20.5762,20.6266,20.1627,20.1627,1710507,
002988.SZ,әАГАРВІД,2021-12-30,20.1627,20.556,20.0215,20.5157,1699741,
002988.SZ,әАГАРВІД,2021-12-31,20.1828,21.4436,20.1828,20.788,3108033,
002988.SZ,әАГАРВІД,2022-01-04,20.788,21.2016,20.3745,21.0503,2265916,
002988.SZ,әАГАРВІД,2022-01-05,21.0099,21.2923,20.7073,21.1713,2452721,
002988.SZ,әАГАРВІД,2022-01-06,21.1814,21.6353,20.9091,21.1411,2957669,
002988.SZ,әАГАРВІД,2022-01-07,21.2217,23.0776,21.2217,22.1396,6990491,
002988.SZ,әАГАРВІД,2022-01-10,22.1093,22.2405,21.484,21.9379,4560094,
002988.SZ,әАГАРВІД,2022-01-11,21.7563,21.9681,21.0906,21.1814,2783899,
002988.SZ,әАГАРВІД,2022-01-12,21.1713,21.6857,20.4955,21.1411,3857841,
002988.SZ,әАГАРВІД,2022-01-13,21.3226,21.9883,20.7779,20.9494,4205184,
002988.SZ,әАГАРВІД,2022-01-14,20.9797,21.2923,20.6973,20.9998,2435625,
002988.SZ,әАГАРВІД,2022-01-17,20.7275,21.837,20.6367,21.5748,4962540,
002988.SZ,әАГАРВІД,2022-01-18,21.5445,21.6655,20.8889,20.9393,1890749,
002988.SZ,әАГАРВІД,2022-01-19,20.9292,22.2606,20.8788,22.1699,4181658,
002988.SZ,әАГАРВІД,2022-01-20,22.9969,22.9969,21.1915,21.2621,9616954,
002988.SZ,әАГАРВІД,2022-01-21,21.363,21.4336,20.6973,20.8485,5249448,
002988.SZ,әАГАРВІД,2022-01-24,19.5777,19.8702,18.7607,18.7607,2083800,
002988.SZ,әАГАРВІД,2022-01-25,17.8226,17.984,16.8846,16.8846,4743797,
002988.SZ,әАГАРВІД,2022-01-26,17.0863,17.0863,16.3904,16.7434,2826594,
002988.SZ,әАГАРВІД,2022-01-27,16.7434,17.2477,16.7434,16.8846,2632919,
002988.SZ,әАГАРВІД,2022-01-28,16.9149,17.9235,16.8241,17.7419,2474580,
002988.SZ,әАГАРВІД,2022-02-07,17.7823,18.1555,17.51,17.9538,1761821,
002988.SZ,әАГАРВІД,2022-02-08,18.0244,18.5186,17.9437,18.3673,2921492,
002988.SZ,әАГАРВІД,2022-02-09,18.5589,18.801,18.327,18.7405,1667432,
002988.SZ,әАГАРВІД,2022-02-10,18.8111,19.0532,18.68,18.922,2943182,
002988.SZ,әАГАРВІД,2022-02-11,18.9321,19.0128,18.6699,18.7708,1973727,
002988.SZ,әАГАРВІД,2022-02-14,18.7708,18.9422,18.5186,18.6195,1676336,
002988.SZ,әАГАРВІД,2022-02-15,18.6295,19.0128,18.5186,18.6195,1620908,
002988.SZ,әАГАРВІД,2022-02-16,18.7607,18.9422,18.5489,18.8817,1080456,
002988.SZ,әАГАРВІД,2022-02-17,18.9019,19.0128,18.7607,18.801,1287193,
002988.SZ,әАГАРВІД,2022-02-18,18.9523,18.9523,18.3572,18.7506,1288838,
002988.SZ,әАГАРВІД,2022-02-21,18.7506,18.9019,18.5287,18.7203,964656,
002988.SZ,әАГАРВІД,2022-02-22,18.8111,18.8514,18.3471,18.3572,1495370,
002988.SZ,әАГАРВІД,2022-02-23,18.4177,18.4782,17.9941,18.2261,1683626,
002988.SZ,әАГАРВІД,2022-02-24,18.216,18.4076,17.7117,17.8731,1449171,
002988.SZ,әАГАРВІД,2022-02-25,18.0849,18.5186,17.8529,18.2563,1602300,
002988.SZ,әАГАРВІД,2022-02-28,18.5287,18.5388,17.984,18.327,1298012,
002988.SZ,әАГАРВІД,2022-03-01,18.3169,18.5186,18.1757,18.3976,886116,
002988.SZ,әАГАРВІД,2022-03-02,18.5388,18.8514,18.3572,18.6699,1156799,
002988.SZ,әАГАРВІД,2022-03-03,18.6699,18.7808,18.4682,18.7102,1086299,
002988.SZ,әАГАРВІД,2022-03-04,18.7405,18.7405,17.9538,18.0143,1441242,
002988.SZ,әАГАРВІД,2022-03-07,17.8327,18.1051,17.1973,17.3788,2050174,
002988.SZ,әАГАРВІД,2022-03-08,17.3082,17.4494,16.5517,16.6224,2222968,
002988.SZ,әАГАРВІД,2022-03-09,16.5921,16.7232,15.6137,16.1786,1710172,
002988.SZ,әАГАРВІД,2022-03-10,16.4005,16.6022,15.997,16.1382,1964589,
002988.SZ,әАГАРВІД,2022-03-11,16.118,16.1281,15.5633,16.118,2202599,
002988.SZ,әАГАРВІД,2022-03-14,16.118,16.118,15.5835,15.5835,2419393,
002988.SZ,әАГАРВІД,2022-03-15,15.533,15.533,14.4437,14.4437,2289500,
002988.SZ,әАГАРВІД,2022-03-16,14.7261,15.059,13.9192,14.7967,3865320,
002988.SZ,әАГАРВІД,2022-03-17,15.0085,15.4927,14.8371,15.18,1846975,
002988.SZ,әАГАРВІД,2022-03-18,15.291,16.1483,15.1296,15.886,3185567,
002988.SZ,әАГАРВІД,2022-03-21,15.886,15.8961,15.3212,15.4826,2989109,
002988.SZ,әАГАРВІД,2022-03-22,15.3515,15.6339,15.1901,15.5229,1573804,
002988.SZ,әАГАРВІД,2022-03-23,15.6238,15.6238,15.3817,15.5431,1205900,
002988.SZ,әАГАРВІД,2022-03-24,15.4322,15.6339,15.2506,15.291,1427360,
002988.SZ,әАГАРВІД,2022-03-25,15.2304,15.6944,15.2304,15.3313,1244685,
002988.SZ,әАГАРВІД,2022-03-28,15.3313,15.6541,14.8169,15.3515,1293600,
002988.SZ,әАГАРВІД,2022-03-29,15.3817,15.6843,14.7059,14.8068,1830400,
002988.SZ,әАГАРВІД,2022-03-30,14.948,15.0388,14.6353,14.827,1502163,
002988.SZ,әАГАРВІД,2022-03-31,14.8774,15.1195,14.7059,14.716,1957800,
002988.SZ,әАГАРВІД,2022-04-01,14.7059,14.7059,14.3731,14.5446,1291500,
002988.SZ,әАГАРВІД,2022-04-06,13.0921,13.9999,13.0921,13.7982,7768256,
002988.SZ,әАГАРВІД,2022-04-07,13.8083,14.0604,13.2232,13.425,4428596,
002988.SZ,әАГАРВІД,2022-04-08,13.2434,13.5258,13.2434,13.3645,2556819,
002988.SZ,әАГАРВІД,2022-04-11,13.314,13.3544,12.608,12.8097,2519400,
002988.SZ,әАГАРВІД,2022-04-12,12.7593,13.0417,12.5676,12.9812,2470519,
002988.SZ,әАГАРВІД,2022-04-13,12.9509,13.1022,12.7088,12.9408,1639853,
002988.SZ,әАГАРВІД,2022-04-14,12.8601,13.1224,12.8198,13.0114,2148097,
002988.SZ,әАГАРВІД,2022-04-15,12.961,12.961,12.608,12.6887,2145449,
002988.SZ,әАГАРВІД,2022-04-18,12.729,12.8299,12.255,12.7895,1457300,
002988.SZ,әАГАРВІД,2022-04-19,12.8803,13.1022,12.6988,12.84,1646000,
002988.SZ,әАГАРВІД,2022-04-20,12.84,13.0013,12.6483,12.8097,1668176,
002988.SZ,әАГАРВІД,2022-04-21,12.6584,12.8702,12.265,12.265,1984735,
002988.SZ,әАГАРВІД,2022-04-22,12.1642,12.376,12.0028,12.1843,1481800,
002988.SZ,әАГАРВІД,2022-04-25,12.1037,12.1037,10.9639,10.9639,2663200,
002988.SZ,әАГАРВІД,2022-04-26,10.9639,11.0648,10.1973,10.2578,3335010,
002988.SZ,әАГАРВІД,2022-04-27,10.2578,10.6512,9.8544,10.5806,3645649,
002988.SZ,әАГАРВІД,2022-04-28,10.6512,10.8429,10.4192,10.6411,2353400,
002988.SZ,әАГАРВІД,2022-04-29,10.8429,11.0446,10.5907,10.974,1889036,
002988.SZ,әАГАРВІД,2022-05-05,10.974,11.68,10.8933,11.4783,2045336,
002988.SZ,әАГАРВІД,2022-05-06,11.1354,11.4682,11.095,11.3068,1526015,
002988.SZ,әАГАРВІД,2022-05-09,11.5435,11.7081,11.3274,11.6052,1412900,
002988.SZ,әАГАРВІД,2022-05-10,11.3994,11.7287,11.3891,11.6463,1595700,
002988.SZ,әАГАРВІД,2022-05-11,11.7081,12.2534,11.6463,11.883,2371723,
002988.SZ,әАГАРВІД,2022-05-12,11.8624,12.0373,11.6772,11.9756,1246600,
002988.SZ,әАГАРВІД,2022-05-13,11.9756,12.1813,11.8007,12.1402,1400590,
002988.SZ,әАГАРВІД,2022-05-16,12.1196,12.5003,12.1196,12.2945,1969800,
002988.SZ,әАГАРВІД,2022-05-17,12.2945,12.4488,12.1402,12.2328,1041844,
002988.SZ,әАГАРВІД,2022-05-18,12.2739,12.5929,12.1505,12.5414,1820300,
002988.SZ,әАГАРВІД,2022-05-19,12.4694,12.5929,12.1402,12.5826,1441716,
002988.SZ,әАГАРВІД,2022-05-20,12.6546,12.9427,12.4797,12.9221,2046515,
002988.SZ,әАГАРВІД,2022-05-23,12.953,13.7657,12.9015,13.7554,4478942,
002988.SZ,әАГАРВІД,2022-05-24,13.6217,13.6217,12.5003,12.5929,5512003,
002988.SZ,әАГАРВІД,2022-05-25,12.5517,13.1484,12.5106,12.9427,2541012,
002988.SZ,әАГАРВІД,2022-05-26,12.9427,13.0558,12.6546,12.8809,2125135,
002988.SZ,әАГАРВІД,2022-05-27,12.8809,13.0867,12.5929,12.7163,1698547,
002988.SZ,әАГАРВІД,2022-05-30,12.7575,12.8192,12.5311,12.706,1037500,
002988.SZ,әАГАРВІД,2022-05-31,12.706,12.7266,12.3562,12.6443,1309900,
002988.SZ,әАГАРВІД,2022-06-01,12.5723,12.9324,12.5414,12.8398,1185017,
002988.SZ,әАГАРВІД,2022-06-02,12.7369,13.1999,12.6032,13.1999,1992543,
002988.SZ,әАГАРВІД,2022-06-06,13.1896,14.5168,13.1896,14.5168,9715100,
002988.SZ,әАГАРВІД,2022-06-07,14.6094,14.6094,13.4777,13.704,11863049,
002988.SZ,әАГАРВІД,2022-06-08,13.5805,13.7246,13.0764,13.4879,5669887,
002988.SZ,әАГАРВІД,2022-06-09,13.4056,13.4777,13.0867,13.1176,3170988,
002988.SZ,әАГАРВІД,2022-06-10,12.9221,13.7554,12.9221,13.6423,4542300,
002988.SZ,әАГАРВІД,2022-06-13,13.4159,14.1361,13.4159,14.1361,5500130,
002988.SZ,әАГАРВІД,2022-06-14,13.8995,14.7637,13.8583,14.6814,9388000,
002988.SZ,әАГАРВІД,2022-06-15,15.0209,16.1526,14.8254,16.1526,21124072,
002988.SZ,әАГАРВІД,2022-06-16,15.2267,16.451,15.1958,15.7308,14130716,
002988.SZ,әАГАРВІД,2022-06-17,16.1218,16.9242,15.6382,15.844,13666554,
002988.SZ,әАГАРВІД,2022-06-20,15.8748,17.4284,15.381,17.4284,17147149,
002988.SZ,әАГАРВІД,2022-06-21,16.9242,19.1671,16.9242,19.1671,15185115,
002988.SZ,әАГАРВІД,2022-06-22,18.6218,20.7721,18.6012,19.2905,14179229,
002988.SZ,әАГАРВІД,2022-06-23,19.2905,20.9675,18.735,20.4943,12906981,
002988.SZ,әАГАРВІД,2022-06-24,20.628,20.8441,19.3831,19.5992,10514541,
002988.SZ,әАГАРВІД,2022-06-27,19.5786,19.9387,18.2617,18.4778,11844735,
002988.SZ,әАГАРВІД,2022-06-28,18.5189,18.9613,17.8605,18.7144,8736774,
002988.SZ,әАГАРВІД,2022-06-29,18.6218,18.6218,16.8419,16.8419,8989164,
002988.SZ,әАГАРВІД,2022-06-30,16.4716,16.6979,16.2864,16.5333,6098238,
002988.SZ,әАГАРВІД,2022-07-01,17.2843,17.2843,15.2781,16.1835,8022970,
002988.SZ,әАГАРВІД,2022-07-04,16.2555,16.8316,15.8851,16.6362,5233129,
002988.SZ,әАГАРВІД,2022-07-05,16.6465,16.9654,16.2041,16.3378,4605619,
002988.SZ,әАГАРВІД,2022-07-06,16.3481,16.8214,15.844,16.1526,4827272,
002988.SZ,әАГАРВІД,2022-07-07,16.3687,17.0786,15.9057,17.0271,6150709,
002988.SZ,әАГАРВІД,2022-07-08,16.9757,17.2329,16.1012,16.1629,5037435,
002988.SZ,әАГАРВІД,2022-07-11,16.1835,16.451,15.6794,15.8337,4812395,
002988.SZ,әАГАРВІД,2022-07-12,15.9263,15.9263,15.3193,15.525,4254800,
002988.SZ,әАГАРВІД,2022-07-13,15.3398,15.8337,15.3398,15.8028,2344800,
002988.SZ,әАГАРВІД,2022-07-14,15.6588,16.1835,15.597,15.9571,2460999,
002988.SZ,әАГАРВІД,2022-07-15,16.0086,16.0394,15.4427,15.4427,3330314,
002988.SZ,әАГАРВІД,2022-07-18,15.4427,16.4304,15.4221,16.2761,4718336,
002988.SZ,әАГАРВІД,2022-07-19,16.2864,16.9448,16.1629,16.3584,4276986,
002988.SZ,әАГАРВІД,2022-07-20,16.3584,16.379,15.9057,15.9571,4045906,
002988.SZ,әАГАРВІД,2022-07-21,15.9571,16.0086,15.4324,15.5868,4022971,
002988.SZ,әАГАРВІД,2022-07-22,15.6588,15.8543,15.3296,15.7102,3369752,
002988.SZ,әАГАРВІД,2022-07-25,15.5045,15.8851,14.8666,15.0312,4817913,
002988.SZ,әАГАРВІД,2022-07-26,15.0415,15.525,14.7637,15.4942,4225748,
002988.SZ,әАГАРВІД,2022-07-27,15.7411,15.8337,15.2781,15.7514,3157700,
002988.SZ,әАГАРВІД,2022-07-28,15.8543,16.6567,15.8543,16.523,5989073,
002988.SZ,әАГАРВІД,2022-07-29,16.4098,16.9757,16.3172,16.7082,4957293,
002988.SZ,әАГАРВІД,2022-08-01,17.2329,17.2329,16.4716,16.595,4535703,
002988.SZ,әАГАРВІД,2022-08-02,16.5436,16.595,15.5045,15.6896,4313674,
002988.SZ,әАГАРВІД,2022-08-03,15.844,16.2555,15.309,15.4427,3318100,
002988.SZ,әАГАРВІД,2022-08-04,15.5353,15.8028,15.2267,15.6279,2672800,
002988.SZ,әАГАРВІД,2022-08-05,15.7308,15.9468,15.381,15.597,2218620,
002988.SZ,әАГАРВІД,2022-08-08,15.5559,16.5127,15.3604,16.4921,3893563,
002988.SZ,әАГАРВІД,2022-08-09,16.667,17.0786,16.379,17.058,5411800,
002988.SZ,әАГАРВІД,2022-08-10,17.1403,17.1814,16.4921,16.5847,5315600,
002988.SZ,әАГАРВІД,2022-08-11,16.6979,16.7699,16.4304,16.4613,3832764,
002988.SZ,әАГАРВІД,2022-08-12,16.667,17.0786,16.5127,16.5744,5435464,
002988.SZ,әАГАРВІД,2022-08-15,16.5641,16.7493,16.2143,16.4407,3018273,
002988.SZ,әАГАРВІД,2022-08-16,16.4716,16.8728,16.3687,16.8111,3554500,
002988.SZ,әАГАРВІД,2022-08-17,16.8214,16.8214,16.3275,16.7185,4401300,
002988.SZ,әАГАРВІД,2022-08-18,16.5539,17.1094,16.5127,17.0888,4910784,
002988.SZ,әАГАРВІД,2022-08-19,17.2329,18.0148,17.0065,17.4695,7579400,
002988.SZ,әАГАРВІД,2022-08-22,17.2226,17.3666,16.5127,16.9757,4818646,
002988.SZ,әАГАРВІД,2022-08-23,16.9242,16.9242,16.4716,16.6876,3353301,
002988.SZ,әАГАРВІД,2022-08-24,16.4613,16.4613,15.1032,15.1752,6269621,
002988.SZ,әАГАРВІД,2022-08-25,15.1752,15.4942,14.5168,14.6917,4009075,
002988.SZ,әАГАРВІД,2022-08-26,14.702,15.597,14.702,15.1649,2866474,
002988.SZ,әАГАРВІД,2022-08-29,15.1032,15.1032,14.6711,14.9283,1977636,
002988.SZ,әАГАРВІД,2022-08-30,14.8254,15.1547,14.6299,14.7225,1989100,
002988.SZ,әАГАРВІД,2022-08-31,14.7637,14.8563,13.9406,13.9509,3483114,
002988.SZ,әАГАРВІД,2022-09-01,14.0435,14.3316,13.8789,13.9303,1458000,
002988.SZ,әАГАРВІД,2022-09-02,13.9818,14.1258,13.704,13.9303,1697600,
002988.SZ,әАГАРВІД,2022-09-05,13.9303,15.1238,13.7966,15.0929,4920190,
002988.SZ,әАГАРВІД,2022-09-06,15.237,16.6053,15.1341,16.6053,8252397,
002988.SZ,әАГАРВІД,2022-09-07,16.3275,17.058,16.2246,16.6979,8683533,
002988.SZ,әАГАРВІД,2022-09-08,16.8522,17.4181,16.3584,17.058,7149456,
002988.SZ,әАГАРВІД,2022-09-09,17.5724,17.6136,16.3584,16.6053,4310100,
002988.SZ,әАГАРВІД,2022-09-13,16.7082,17.2638,16.7082,16.9963,3265600,
002988.SZ,әАГАРВІД,2022-09-14,16.7699,17.0271,16.3378,16.5641,2976483,
002988.SZ,әАГАРВІД,2022-09-15,16.7185,16.7493,15.5353,15.8337,3408723,
002988.SZ,әАГАРВІД,2022-09-16,15.8748,15.9468,15.3193,15.5147,2350290,
002988.SZ,әАГАРВІД,2022-09-19,15.4324,15.8954,15.3296,15.5353,2456791,
002988.SZ,әАГАРВІД,2022-09-20,15.7308,16.3069,15.4633,16.1423,3411915,
002988.SZ,әАГАРВІД,2022-09-21,16.1526,16.3481,15.6176,16.0703,3663197,
002988.SZ,әАГАРВІД,2022-09-22,15.8954,16.2041,15.8337,15.8954,1760239,
002988.SZ,әАГАРВІД,2022-09-23,15.8954,16.2967,15.5353,15.6485,2477768,
002988.SZ,әАГАРВІД,2022-09-26,15.6382,15.6382,14.918,15.1341,2454000,
002988.SZ,әАГАРВІД,2022-09-27,15.237,15.597,14.8666,15.0106,1902800,
002988.SZ,әАГАРВІД,2022-09-28,15.0415,15.0415,14.2493,14.3625,1985000,
002988.SZ,әАГАРВІД,2022-09-29,14.5168,14.5168,13.9921,14.0641,1940900,
002988.SZ,әАГАРВІД,2022-09-30,14.0744,14.3419,13.7863,13.7966,1395126,
002988.SZ,әАГАРВІД,2022-10-10,13.7863,13.9612,13.3851,13.6011,1601472,
002988.SZ,әАГАРВІД,2022-10-11,13.8686,13.8686,13.3954,13.8686,1129600,
002988.SZ,әАГАРВІД,2022-10-12,13.7863,14.0435,13.2513,13.9921,2193973,
002988.SZ,әАГАРВІД,2022-10-13,13.9406,14.2493,13.8686,14.1155,1704099,
002988.SZ,әАГАРВІД,2022-10-14,14.1361,14.6917,14.1361,14.6197,1805800,
002988.SZ,әАГАРВІД,2022-10-17,14.6197,14.846,14.4139,14.7225,1717823,
002988.SZ,әАГАРВІД,2022-10-18,14.7123,15.0209,14.5682,14.7843,1486301,
002988.SZ,әАГАРВІД,2022-10-19,14.6505,14.99,14.6402,14.846,1391984,
002988.SZ,әАГАРВІД,2022-10-20,14.846,14.846,14.4448,14.5168,1815188,
002988.SZ,әАГАРВІД,2022-10-21,14.5065,14.918,14.4242,14.5682,1256625,
002988.SZ,әАГАРВІД,2022-10-24,14.5065,14.5065,14.0435,14.0538,1903600,
002988.SZ,әАГАРВІД,2022-10-25,14.3007,14.3007,13.5805,14.1361,1924000,
002988.SZ,әАГАРВІД,2022-10-26,14.1978,14.3727,13.9921,14.3007,1564600,
002988.SZ,әАГАРВІД,2022-10-27,14.5065,14.9489,14.311,14.6094,2222675,
002988.SZ,әАГАРВІД,2022-10-28,14.6094,14.7637,13.6937,13.8686,2138507,
002988.SZ,әАГАРВІД,2022-10-31,13.9921,14.0641,13.7554,13.8892,1239200,
002988.SZ,әАГАРВІД,2022-11-01,14.1052,14.1876,13.8069,14.1773,1320500,
002988.SZ,әАГАРВІД,2022-11-02,14.2081,14.455,14.0024,14.3727,1398800,
002988.SZ,әАГАРВІД,2022-11-03,14.4036,14.4036,14.1567,14.2904,1435375,
002988.SZ,әАГАРВІД,2022-11-04,14.2904,15.0312,14.2081,14.8563,2431200,
002988.SZ,әАГАРВІД,2022-11-07,14.9386,15.3296,14.8563,14.9695,1957026,
002988.SZ,әАГАРВІД,2022-11-08,14.8769,15.2164,14.8048,15.1238,1851222,
002988.SZ,әАГАРВІД,2022-11-09,15.1752,15.3296,15.0209,15.1649,1327176,
002988.SZ,әАГАРВІД,2022-11-10,15.1649,15.6073,15.1649,15.4324,2470800,
002988.SZ,әАГАРВІД,2022-11-11,15.6279,15.9263,15.2267,15.2678,2207000,
002988.SZ,әАГАРВІД,2022-11-14,15.2884,15.4736,15.0209,15.2678,1609732,
002988.SZ,әАГАРВІД,2022-11-15,15.2575,15.525,15.2164,15.4324,1141890,
002988.SZ,әАГАРВІД,2022-11-16,15.8234,15.8234,15.3707,15.5456,1515790,
002988.SZ,әАГАРВІД,2022-11-17,15.4324,15.6588,15.309,15.3707,1133300,
002988.SZ,әАГАРВІД,2022-11-18,15.3707,15.6382,15.2061,15.237,1021000,
002988.SZ,әАГАРВІД,2022-11-21,15.1238,15.4427,14.8872,15.381,1585765,
002988.SZ,әАГАРВІД,2022-11-22,15.381,15.4633,15.1135,15.2472,1387200,
002988.SZ,әАГАРВІД,2022-11-23,15.1238,15.2678,14.918,15.0106,1104300,
002988.SZ,әАГАРВІД,2022-11-24,15.1649,15.3193,14.9592,15.0723,761850,
002988.SZ,әАГАРВІД,2022-11-25,15.0518,15.1752,14.6711,14.8563,1247156,
002988.SZ,әАГАРВІД,2022-11-28,14.6917,14.9077,14.3522,14.6608,1299322,
002988.SZ,әАГАРВІД,2022-11-29,14.8563,15.3296,14.6197,15.0209,1653323,
002988.SZ,әАГАРВІД,2022-11-30,15.0003,15.1752,14.7946,14.918,1167800,
002988.SZ,әАГАРВІД,2022-12-01,14.9283,15.2472,14.918,15.0312,1006900,
002988.SZ,әАГАРВІД,2022-12-02,14.9695,15.2267,14.8769,15.0312,947676,
002988.SZ,әАГАРВІД,2022-12-05,15.0723,15.0723,14.8563,14.99,991500,
002988.SZ,әАГАРВІД,2022-12-06,14.9798,15.0003,14.6197,14.7946,1393400,
002988.SZ,әАГАРВІД,2022-12-07,14.7946,15.0106,14.6917,14.8357,932358,
002988.SZ,әАГАРВІД,2022-12-08,14.7946,15.8234,14.7534,15.4839,4113650,
002988.SZ,әАГАРВІД,2022-12-09,15.4119,15.5765,14.99,15.2164,2419500,
002988.SZ,әАГАРВІД,2022-12-12,15.0723,15.3398,14.9489,15.0209,1320255,
002988.SZ,әАГАРВІД,2022-12-13,15.0621,15.0723,14.6608,14.7534,1173555,
002988.SZ,әАГАРВІД,2022-12-14,14.8048,14.9077,14.4036,14.5374,1143721,
002988.SZ,әАГАРВІД,2022-12-15,14.4448,14.8048,14.4242,14.5785,894325,
002988.SZ,әАГАРВІД,2022-12-16,14.4756,14.9386,14.4036,14.7843,1574400,
002988.SZ,әАГАРВІД,2022-12-19,14.7843,14.9798,14.095,14.1876,1610300,
002988.SZ,әАГАРВІД,2022-12-20,13.9509,14.3007,13.8275,14.0229,807468,
002988.SZ,әАГАРВІД,2022-12-21,14.0538,14.1258,13.6628,13.7554,1001800,
002988.SZ,әАГАРВІД,2022-12-22,13.8789,14.0127,13.169,13.2102,1486155,
002988.SZ,әАГАРВІД,2022-12-23,13.2513,13.4365,13.1073,13.3233,1217475,
002988.SZ,әАГАРВІД,2022-12-26,13.3233,13.6628,13.2102,13.56,1049963,
002988.SZ,әАГАРВІД,2022-12-27,13.6628,13.9612,13.3954,13.9201,1522325,
002988.SZ,әАГАРВІД,2022-12-28,13.9201,14.2493,13.7554,14.1052,1459675,
002988.SZ,әАГАРВІД,2022-12-29,14.1052,14.3522,13.9509,14.0229,965800,
002988.SZ,әАГАРВІД,2022-12-30,13.9612,14.0127,13.7143,13.7349,779800,
002988.SZ,әАГАРВІД,2023-01-03,13.7452,14.0229,13.4879,13.9715,929000,
002988.SZ,әАГАРВІД,2023-01-04,15.3707,15.3707,14.6094,15.3707,4003462,
002988.SZ,әАГАРВІД,2023-01-05,15.6176,15.6176,14.7225,15.3296,6634000,
002988.SZ,әАГАРВІД,2023-01-06,15.3398,15.7102,15.237,15.3501,3605659,
002988.SZ,әАГАРВІД,2023-01-09,15.4427,15.6896,15.2884,15.525,2459302,
002988.SZ,әАГАРВІД,2023-01-10,15.6896,15.8234,15.4839,15.7925,2254199,
002988.SZ,әАГАРВІД,2023-01-11,15.7411,16.1938,15.6999,15.7102,2217600,
002988.SZ,әАГАРВІД,2023-01-12,15.6794,16.132,15.6794,15.7925,2506000,
002988.SZ,әАГАРВІД,2023-01-13,15.8131,16.2349,15.7925,16.0086,2430700,
002988.SZ,әАГАРВІД,2023-01-16,15.988,16.5127,15.988,16.2864,2324300,
002988.SZ,әАГАРВІД,2023-01-17,16.2864,16.3069,15.844,15.9366,1826000,
002988.SZ,әАГАРВІД,2023-01-18,16.0703,16.3069,15.844,16.2761,1927600,
002988.SZ,әАГАРВІД,2023-01-19,16.2658,16.451,16.0497,16.3892,1710100,
002988.SZ,әАГАРВІД,2023-01-20,16.4613,16.5024,16.1732,16.2555,1630000,
002988.SZ,әАГАРВІД,2023-01-30,16.4201,17.2638,16.3584,16.9448,4963700,
002988.SZ,әАГАРВІД,2023-01-31,16.5333,17.3461,16.3584,17.1094,4397793,
002988.SZ,әАГАРВІД,2023-02-01,17.2843,17.4798,17.0888,17.4387,3160100,
002988.SZ,әАГАРВІД,2023-02-02,17.4901,17.8193,17.2329,17.665,2610835,
002988.SZ,әАГАРВІД,2023-02-03,17.7164,18.4983,17.5415,18.3234,3544832,
002988.SZ,әАГАРВІД,2023-02-06,18.3132,18.6732,18.0354,18.1485,2611100,
002988.SZ,әАГАРВІД,2023-02-07,18.2617,19.3729,18.2617,18.9819,3046346,
002988.SZ,әАГАРВІД,2023-02-08,19.0848,19.1877,18.7247,19.0025,2000700,
002988.SZ,әАГАРВІД,2023-02-09,18.7864,19.1259,18.5086,18.663,2890390,
002988.SZ,әАГАРВІД,2023-02-10,18.6012,18.7453,18.2617,18.4469,1880000,
002988.SZ,әАГАРВІД,2023-02-13,18.4366,18.6218,18.2103,18.4983,1558299,
002988.SZ,әАГАРВІД,2023-02-14,18.6115,18.6527,18.2823,18.3029,1183326,
002988.SZ,әАГАРВІД,2023-02-15,18.2926,18.4675,17.5724,17.7987,3012000,
002988.SZ,әАГАРВІД,2023-02-16,17.9531,17.9531,16.7493,16.9551,3835323,
002988.SZ,әАГАРВІД,2023-02-17,16.9551,17.2946,16.8728,16.9242,1745121,
002988.SZ,әАГАРВІД,2023-02-20,17.0786,17.7164,16.9242,17.5004,2475700,
002988.SZ,әАГАРВІД,2023-02-21,17.5724,17.8399,17.3769,17.5415,1964500,
002988.SZ,әАГАРВІД,2023-02-22,17.5312,17.6959,17.0991,17.3255,1944034,
002988.SZ,әАГАРВІД,2023-02-23,17.5312,17.7782,17.2329,17.4695,2474518,
002988.SZ,әАГАРВІД,2023-02-24,17.3975,17.6753,17.1403,17.5724,1802600,
002988.SZ,әАГАРВІД,2023-02-27,17.5724,17.7679,17.3049,17.4592,1445700,
002988.SZ,әАГАРВІД,2023-02-28,17.4592,18.0045,17.3461,17.8605,1827200,
002988.SZ,әАГАРВІД,2023-03-01,17.8502,18.0765,17.6033,17.6547,1948000,
002988.SZ,әАГАРВІД,2023-03-02,17.6547,17.7987,17.1814,17.1917,1573200,
002988.SZ,әАГАРВІД,2023-03-03,17.2329,17.3872,17.0374,17.0991,1067500,
002988.SZ,әАГАРВІД,2023-03-06,17.1506,17.1609,16.7185,16.8316,1606766,
002988.SZ,әАГАРВІД,2023-03-07,16.986,17.1403,16.6156,16.8625,1900546,
002988.SZ,әАГАРВІД,2023-03-08,16.8625,16.9448,16.5744,16.7905,1215200,
002988.SZ,әАГАРВІД,2023-03-09,16.8419,17.2432,16.6053,17.1814,1605846,
002988.SZ,әАГАРВІД,2023-03-10,16.9757,17.4489,16.8008,17.1403,2495636,
002988.SZ,әАГАРВІД,2023-03-13,17.13,17.3975,16.8831,17.1814,1918365,
002988.SZ,әАГАРВІД,2023-03-14,17.1506,17.3049,16.5641,16.7802,1411200,
002988.SZ,әАГАРВІД,2023-03-15,16.8728,18.0045,16.7699,17.9428,3670316,
002988.SZ,әАГАРВІД,2023-03-16,17.8605,18.7041,17.7164,18.416,5270400,
002988.SZ,әАГАРВІД,2023-03-17,18.416,18.663,18.0251,18.1897,3977600,
002988.SZ,әАГАРВІД,2023-03-20,18.4572,18.5086,17.7267,18.3646,3685500,
002988.SZ,әАГАРВІД,2023-03-21,18.3646,18.5086,18.0251,18.416,1907300,
002988.SZ,әАГАРВІД,2023-03-22,18.4675,18.7144,18.3132,18.4572,1932200,
002988.SZ,әАГАРВІД,2023-03-23,18.4572,18.6218,18.1897,18.3132,1907700,
002988.SZ,әАГАРВІД,2023-03-24,18.3955,18.5189,18.2617,18.3132,1454046,
002988.SZ,әАГАРВІД,2023-03-27,18.3543,19.0128,18.128,18.7453,3533800,
002988.SZ,әАГАРВІД,2023-03-28,18.7453,18.9922,18.4263,18.735,2449300,
002988.SZ,әАГАРВІД,2023-03-29,18.7761,18.7761,18.0559,18.3132,2527200,
002988.SZ,әАГАРВІД,2023-03-30,18.4263,18.4263,17.7164,18.0354,1318020,
002988.SZ,әАГАРВІД,2023-03-31,18.0559,18.663,17.9016,18.0765,1732700,
002988.SZ,әАГАРВІД,2023-04-03,18.0354,18.1177,17.6033,17.6444,1668400,
002988.SZ,әАГАРВІД,2023-04-04,17.7473,17.7473,17.1609,17.2123,1993300,
002988.SZ,әАГАРВІД,2023-04-06,17.1403,17.4695,16.4716,17.4387,3457953,
002988.SZ,әАГАРВІД,2023-04-07,17.4489,18.9305,17.4489,18.8276,5882588,
002988.SZ,әАГАРВІД,2023-04-10,18.8173,18.8173,17.9736,18.4469,5024894,
002988.SZ,әАГАРВІД,2023-04-11,18.4366,18.4469,17.2226,17.4798,4630700,
002988.SZ,әАГАРВІД,2023-04-12,17.5107,17.5827,16.8934,16.9963,2688653,
002988.SZ,әАГАРВІД,2023-04-13,16.8728,17.1197,16.5024,16.7288,3105257,
002988.SZ,әАГАРВІД,2023-04-14,16.667,16.667,16.0703,16.0909,2985024,
002988.SZ,әАГАРВІД,2023-04-17,16.0909,16.3584,15.9468,16.2761,1626225,
002988.SZ,әАГАРВІД,2023-04-18,16.2555,16.3378,16.0497,16.3069,1442900,
002988.SZ,әАГАРВІД,2023-04-19,16.3069,17.9428,16.2658,17.9428,6592128,
002988.SZ,әАГАРВІД,2023-04-20,17.9839,18.3234,17.2638,17.7061,5015722,
002988.SZ,әАГАРВІД,2023-04-21,17.4387,17.6444,16.9037,17.0168,2857945,
002988.SZ,әАГАРВІД,2023-04-24,16.8728,17.0786,16.2967,16.7905,2327624,
002988.SZ,әАГАРВІД,2023-04-25,16.7185,16.7699,15.9983,16.3584,1980175,
002988.SZ,әАГАРВІД,2023-04-26,16.6156,17.1506,15.2472,16.8111,3779226,
002988.SZ,әАГАРВІД,2023-04-27,16.667,17.274,16.4921,17.0271,2590178,
002988.SZ,әАГАРВІД,2023-04-28,17.0786,17.3049,16.7493,16.9448,2560899,
002988.SZ,әАГАРВІД,2023-05-04,16.9345,17.0683,16.2658,16.4613,2001288,
002988.SZ,әАГАРВІД,2023-05-05,16.4613,16.6979,16.0806,16.5744,2081217,
002988.SZ,әАГАРВІД,2023-05-08,16.7082,17.0271,16.4921,16.9242,2182558,
002988.SZ,әАГАРВІД,2023-05-09,16.9139,17.3666,16.7493,16.8008,2531397,
002988.SZ,әАГАРВІД,2023-05-10,16.8214,17.9016,16.667,17.7473,3535491,
002988.SZ,әАГАРВІД,2023-05-11,17.7473,18.0662,17.2329,17.4798,4031550,
002988.SZ,әАГАРВІД,2023-05-12,17.4284,17.4284,16.4201,16.4716,2827666,
002988.SZ,әАГАРВІД,2023-05-15,16.3275,16.6567,16.2246,16.6053,1050906,
002988.SZ,әАГАРВІД,2023-05-16,16.8625,16.8625,16.3378,16.5024,1225266,
002988.SZ,әАГАРВІД,2023-05-17,16.5024,16.6156,16.3892,16.5744,1076550,
002988.SZ,әАГАРВІД,2023-05-18,16.6053,16.9242,16.5024,16.6362,1127310,
002988.SZ,әАГАРВІД,2023-05-19,16.9551,16.9551,16.3584,16.739,765809,
002988.SZ,әАГАРВІД,2023-05-22,16.8316,17.0991,16.5539,16.8008,1301300,
002988.SZ,әАГАРВІД,2023-05-23,16.7185,16.9654,16.4818,16.667,1252775,
002988.SZ,әАГАРВІД,2023-05-24,16.7082,16.9345,16.5127,16.7493,822405,
002988.SZ,әАГАРВІД,2023-05-25,16.7699,16.8728,16.3995,16.4818,1251771,
002988.SZ,әАГАРВІД,2023-05-26,16.5847,16.9037,16.1938,16.8728,1220096,
002988.SZ,әАГАРВІД,2023-05-29,16.9654,17.0786,16.6773,16.8111,932389,
002988.SZ,әАГАРВІД,2023-05-30,16.8522,16.9551,16.5127,16.6053,1443398,
002988.SZ,әАГАРВІД,2023-05-31,16.6156,16.7493,16.3378,16.4716,952800,
002988.SZ,әАГАРВІД,2023-06-01,16.6053,16.6465,16.3584,16.451,1045100,
002988.SZ,әАГАРВІД,2023-06-02,16.5127,16.9654,16.4304,16.8316,1413567,
002988.SZ,әАГАРВІД,2023-06-05,17.0786,17.0786,16.6876,16.7905,1038447,
002988.SZ,әАГАРВІД,2023-06-06,16.7802,16.9757,16.5744,16.6567,941317,
002988.SZ,әАГАРВІД,2023-06-07,16.6259,16.8625,16.5539,16.6465,582190,
002988.SZ,әАГАРВІД,2023-06-08,16.6362,16.8316,16.5744,16.6465,752000,
002988.SZ,әАГАРВІД,2023-06-09,16.6773,17.0065,16.5024,16.6876,1000600,
002988.SZ,әАГАРВІД,2023-06-12,16.6876,17.0683,16.5847,16.9757,1330859,
002988.SZ,әАГАРВІД,2023-06-13,17.0786,17.1403,16.7493,16.9757,788117,
002988.SZ,әАГАРВІД,2023-06-14,16.9757,17.3358,16.8316,17.2123,1511800,
002988.SZ,әАГАРВІД,2023-06-15,17.2123,17.521,17.1197,17.4181,1360600,
002988.SZ,әАГАРВІД,2023-06-16,17.4181,17.6856,17.3769,17.4901,1183200,
002988.SZ,әАГАРВІД,2023-06-19,17.4901,17.8708,17.3358,17.665,1363400,
002988.SZ,әАГАРВІД,2023-06-20,17.6856,17.881,17.4901,17.6238,1477000,
002988.SZ,әАГАРВІД,2023-06-21,17.7885,17.7885,17.5004,17.521,1068105,
002988.SZ,әАГАРВІД,2023-06-26,17.4798,17.6856,17.0888,17.202,1435888,
002988.SZ,әАГАРВІД,2023-06-27,17.3872,17.6341,17.1712,17.3872,1150331,
002988.SZ,әАГАРВІД,2023-06-28,17.3872,17.6238,17.2226,17.593,1587564,
002988.SZ,әАГАРВІД,2023-06-29,17.593,17.7782,17.4284,17.593,1725397,
002988.SZ,әАГАРВІД,2023-06-30,17.593,17.7987,17.5004,17.5827,856498,
002988.SZ,әАГАРВІД,2023-07-03,17.5827,17.9531,17.5827,17.6959,1283198,
002988.SZ,әАГАРВІД,2023-07-04,17.8296,17.8502,17.5004,17.7267,864900,
002988.SZ,әАГАРВІД,2023-07-05,17.7782,19.4963,17.6959,19.1671,11738867,
002988.SZ,әАГАРВІД,2023-07-06,18.5909,18.9202,17.9428,18.3646,9219655,
002988.SZ,әАГАРВІД,2023-07-07,18.1897,18.3852,17.9736,18.1485,2885467,
002988.SZ,әАГАРВІД,2023-07-10,18.1897,18.2206,17.9119,18.0045,2207327,
002988.SZ,әАГАРВІД,2023-07-11,18.0148,18.2103,17.521,17.9736,2405891,
002988.SZ,әАГАРВІД,2023-07-12,17.9531,18.2411,17.737,18.0457,2685911,
002988.SZ,әАГАРВІД,2023-07-13,18.0148,18.6012,17.8502,18.3955,4176450,
002988.SZ,әАГАРВІД,2023-07-14,18.4983,19.2185,18.3132,18.8584,4885473,
002988.SZ,әАГАРВІД,2023-07-17,18.807,19.0025,18.5395,18.7247,2864600,
002988.SZ,әАГАРВІД,2023-07-18,18.6012,19.0848,18.5395,18.8893,2377400,
002988.SZ,әАГАРВІД,2023-07-19,19.0642,19.1671,18.735,18.9202,2631035,
002988.SZ,әАГАРВІД,2023-07-20,18.951,19.2082,18.735,18.8276,2257900,
002988.SZ,әАГАРВІД,2023-07-21,18.7247,18.9613,18.6218,18.6835,1640772,
002988.SZ,әАГАРВІД,2023-07-24,18.5909,19.0333,18.4366,18.951,1872500,
002988.SZ,әАГАРВІД,2023-07-25,19.1671,19.3934,18.9716,19.0848,1773700,
002988.SZ,әАГАРВІД,2023-07-26,19.0951,19.1877,18.8276,19.0128,1055637,
002988.SZ,әАГАРВІД,2023-07-27,19.1362,19.3111,18.8996,19.0436,1532397,
002988.SZ,әАГАРВІД,2023-07-28,19.0539,19.1362,18.7041,18.9407,1192500,
002988.SZ,әАГАРВІД,2023-07-31,18.9922,19.3008,18.8379,18.9716,1546938,
002988.SZ,әАГАРВІД,2023-08-01,19.0333,19.1671,18.807,19.0642,1501300,
002988.SZ,әАГАРВІД,2023-08-02,19.0642,19.1877,18.879,19.1362,1148600,
002988.SZ,әАГАРВІД,2023-08-03,19.1156,19.1362,18.6218,19.1054,1421500,
002988.SZ,әАГАРВІД,2023-08-04,19.1568,19.1877,18.8584,19.0745,1367100,
002988.SZ,әАГАРВІД,2023-08-07,18.9407,18.9716,18.5498,18.6938,1164150,
002988.SZ,әАГАРВІД,2023-08-08,18.8276,18.8276,18.4881,18.7247,1011700,
002988.SZ,әАГАРВІД,2023-08-09,18.7453,18.8584,18.4263,18.5086,1019200,
002988.SZ,әАГАРВІД,2023-08-10,18.4675,18.6732,18.4263,18.5189,1105400,
002988.SZ,әАГАРВІД,2023-08-11,18.6115,18.6835,18.3029,18.3852,1215600,
002988.SZ,әАГАРВІД,2023-08-14,18.3955,18.7864,17.9736,18.3955,2003621,
002988.SZ,әАГАРВІД,2023-08-15,18.4675,18.6835,18.2206,18.416,1686600,
002988.SZ,әАГАРВІД,2023-08-16,18.416,19.3934,18.3234,18.8687,2978571,
002988.SZ,әАГАРВІД,2023-08-17,18.8276,19.0333,18.3543,18.9407,2071600,
002988.SZ,әАГАРВІД,2023-08-18,18.8276,19.2288,18.7556,18.9305,1721500,
002988.SZ,әАГАРВІД,2023-08-21,18.9407,19.1362,18.4058,18.416,1540650,
002988.SZ,әАГАРВІД,2023-08-22,18.416,18.7967,17.9942,18.2617,2616147,
002988.SZ,әАГАРВІД,2023-08-23,18.3337,18.5189,18.0868,18.1485,1712500,
002988.SZ,әАГАРВІД,2023-08-24,18.272,18.4983,17.9016,17.9942,1617400,
002988.SZ,әАГАРВІД,2023-08-25,17.9531,18.0559,17.5312,17.5827,1516800,
002988.SZ,әАГАРВІД,2023-08-28,18.3132,18.3132,16.7493,16.8728,3578128,
002988.SZ,әАГАРВІД,2023-08-29,16.8728,17.7164,16.6259,17.6238,3587900,
002988.SZ,әАГАРВІД,2023-08-30,17.7473,18.0971,17.4901,17.737,2014489,
002988.SZ,әАГАРВІД,2023-08-31,17.6959,17.9325,17.521,17.6753,1323934,
002988.SZ,әАГАРВІД,2023-09-01,17.7987,17.9531,17.4798,17.7782,1824200,
002988.SZ,әАГАРВІД,2023-09-04,17.7782,18.4469,17.6444,18.3955,2909000,
002988.SZ,әАГАРВІД,2023-09-05,18.4881,18.7864,18.2,18.4675,2124900,
002988.SZ,әАГАРВІД,2023-09-06,18.5189,18.6115,18.2308,18.5292,1344300,
002988.SZ,әАГАРВІД,2023-09-07,18.5189,18.6012,18.2514,18.3646,1292800,
002988.SZ,әАГАРВІД,2023-09-08,18.3646,18.4572,18.1691,18.2411,1475600,
002988.SZ,әАГАРВІД,2023-09-11,18.2411,18.951,18.0251,18.8173,3065500,
002988.SZ,әАГАРВІД,2023-09-12,18.8173,19.2905,18.6835,19.1156,3138600,
002988.SZ,әАГАРВІД,2023-09-13,19.1156,19.1465,18.8481,19.0436,1800500,
002988.SZ,әАГАРВІД,2023-09-14,18.9305,19.2597,18.7967,19.1259,2793700,
002988.SZ,әАГАРВІД,2023-09-15,19.1259,19.2905,18.8481,18.9819,1555500,
002988.SZ,әАГАРВІД,2023-09-18,18.9407,19.9078,18.7864,19.7741,4688100,
002988.SZ,әАГАРВІД,2023-09-19,19.805,20.0622,19.3008,19.4243,3164000,
002988.SZ,әАГАРВІД,2023-09-20,19.2905,19.6198,19.1054,19.3626,2696892,
002988.SZ,әАГАРВІД,2023-09-21,19.2494,19.5786,19.1877,19.3523,1991862,
002988.SZ,әАГАРВІД,2023-09-22,19.1568,19.5683,19.1568,19.4449,2768944,
002988.SZ,әАГАРВІД,2023-09-25,19.2905,19.6301,19.1362,19.3934,3131628,
002988.SZ,әАГАРВІД,2023-09-26,19.2494,19.5272,19.0642,19.2597,3389204,
002988.SZ,әАГАРВІД,2023-09-27,19.1362,19.4346,19.0333,19.1259,2538830,
002988.SZ,әАГАРВІД,2023-09-28,19.1259,19.3523,19.0745,19.3111,2246400,
002988.SZ,әАГАРВІД,2023-10-09,19.2905,19.4552,18.9819,19.4346,2705300,
002988.SZ,әАГАРВІД,2023-10-10,19.486,19.5272,19.2185,19.4243,2277109,
002988.SZ,әАГАРВІД,2023-10-11,19.4346,19.4757,19.0539,19.1877,1793500,
002988.SZ,әАГАРВІД,2023-10-12,19.7329,19.7329,18.9819,19.3934,4119500,
002988.SZ,әАГАРВІД,2023-10-13,19.3626,19.4552,19.1362,19.3523,2450350,
002988.SZ,әАГАРВІД,2023-10-16,19.4449,19.5992,19.1465,19.4654,3472800,
002988.SZ,әАГАРВІД,2023-10-17,19.414,19.6609,19.1568,19.4757,1925000,
002988.SZ,әАГАРВІД,2023-10-18,19.4552,19.5272,19.2803,19.342,1465735,
002988.SZ,әАГАРВІД,2023-10-19,19.414,19.414,19.0333,19.2288,1102231,
002988.SZ,әАГАРВІД,2023-10-20,19.1568,19.3317,18.8893,19.1054,1791958,
002988.SZ,әАГАРВІД,2023-10-23,19.1054,19.27,18.8276,19.1568,1843400,
002988.SZ,әАГАРВІД,2023-10-24,19.1877,19.2803,19.0025,19.1671,1388700,
002988.SZ,әАГАРВІД,2023-10-25,19.1774,19.7844,19.1774,19.6918,2376709,
002988.SZ,әАГАРВІД,2023-10-26,19.5683,20.021,19.4449,19.9387,2170987,
002988.SZ,әАГАРВІД,2023-10-27,19.7844,20.5663,19.7638,20.4428,2232752,
002988.SZ,әАГАРВІД,2023-10-30,20.556,20.8749,19.4346,19.6198,5711014,
002988.SZ,әАГАРВІД,2023-10-31,19.5478,21.5848,19.5169,21.1116,10055210,
002988.SZ,әАГАРВІД,2023-11-01,20.3708,21.091,20.1548,20.7926,5758278,
002988.SZ,әАГАРВІД,2023-11-02,20.7823,20.8852,20.3708,20.5663,3312080,
002988.SZ,әАГАРВІД,2023-11-03,20.6795,21.2145,20.3708,21.0704,4455365,
002988.SZ,әАГАРВІД,2023-11-06,21.1939,22.0375,20.8955,21.9346,8148874,
002988.SZ,әАГАРВІД,2023-11-07,24.126,24.126,24.126,24.126,2823151,
002988.SZ,әАГАРВІД,2023-11-08,26.5438,26.5438,26.5438,26.5438,990471,
002988.SZ,әАГАРВІД,2023-11-09,29.1982,29.1982,29.1982,29.1982,7107339,
002988.SZ,әАГАРВІД,2023-11-10,30.371,32.12,30.3505,32.12,12913806,
002988.SZ,әАГАРВІД,2023-11-13,34.1983,35.33,33.7867,35.33,9336748,
002988.SZ,әАГАРВІД,2023-11-14,38.8589,38.8589,38.2724,38.8589,5628691,
002988.SZ,әАГАРВІД,2023-11-15,39.5893,39.5893,34.9699,36.6263,26917048,
002988.SZ,әАГАРВІД,2023-11-16,36.7703,37.686,32.9637,32.9637,18435886,
002988.SZ,әАГАРВІД,2023-11-17,29.6714,31.8525,29.6714,29.7332,28168264,
002988.SZ,әАГАРВІД,2023-11-20,28.8072,32.2229,28.6014,31.2867,28570440,
002988.SZ,әАГАРВІД,2023-11-21,30.9678,31.5851,28.6117,29.3422,27486655,
002988.SZ,әАГАРВІД,2023-11-22,29.1159,29.1261,26.8319,27.0479,30297344,
002988.SZ,әАГАРВІД,2023-11-23,26.6055,26.873,25.9882,26.8421,18009149,
002988.SZ,әАГАРВІД,2023-11-24,26.5438,27.017,26.3174,26.3895,13629183,
002988.SZ,әАГАРВІД,2023-11-27,24.4347,26.2146,24.4347,25.9676,17700265,
002988.SZ,әАГАРВІД,2023-11-28,25.659,26.4718,25.5458,25.731,12045269,
002988.SZ,әАГАРВІД,2023-11-29,25.8339,25.9265,25.4121,25.4841,8054200,
002988.SZ,әАГАРВІД,2023-11-30,25.5047,25.6178,24.7948,25.3503,9632547,
002988.SZ,әАГАРВІД,2023-12-01,25.3709,25.9471,25.0829,25.875,12176973,
002988.SZ,әАГАРВІД,2023-12-04,26.1323,26.5026,25.7722,25.7927,17104325,
002988.SZ,әАГАРВІД,2023-12-05,25.6178,25.9162,25.1137,25.1754,10073079,
002988.SZ,әАГАРВІД,2023-12-06,24.98,25.875,24.8565,25.7413,9398603,
002988.SZ,әАГАРВІД,2023-12-07,25.5047,26.194,25.2269,25.8853,11154525,
002988.SZ,әАГАРВІД,2023-12-08,25.9985,26.5952,25.731,26.3277,16872485,
002988.SZ,әАГАРВІД,2023-12-11,26.338,26.3895,24.8977,25.6487,12259815,
002988.SZ,әАГАРВІД,2023-12-12,25.2063,25.515,24.5067,24.9491,12948074,
002988.SZ,әАГАРВІД,2023-12-13,24.9285,25.2989,24.6199,25.0211,7462136,
002988.SZ,әАГАРВІД,2023-12-14,24.8977,25.2063,24.4553,24.4553,6722141,
002988.SZ,әАГАРВІД,2023-12-15,24.4861,24.6919,23.91,23.9409,8529814,
002988.SZ,әАГАРВІД,2023-12-18,23.9511,24.1878,23.8174,23.982,4869936,
002988.SZ,әАГАРВІД,2023-12-19,23.982,24.054,23.6836,23.8483,4150539,
002988.SZ,әАГАРВІД,2023-12-20,23.9511,23.9923,23.4676,23.4985,4254485,
002988.SZ,әАГАРВІД,2023-12-21,23.3853,23.8894,23.2104,23.8071,4988159,
002988.SZ,әАГАРВІД,2023-12-22,23.838,24.1878,23.6734,23.91,5125488,
002988.SZ,әАГАРВІД,2023-12-25,23.982,23.9923,23.3544,23.8688,4699310,
002988.SZ,әАГАРВІД,2023-12-26,23.8688,23.9511,23.3133,23.3956,3598189,
002988.SZ,әАГАРВІД,2023-12-27,23.3853,24.0437,23.3853,24.0334,5466662,
002988.SZ,әАГАРВІД,2023-12-28,24.1672,24.445,23.4059,24.2495,8253171,
002988.SZ,әАГАРВІД,2023-12-29,24.1981,24.6405,24.0437,24.5581,8093771,
002988.SZ,әАГАРВІД,2024-01-02,24.5684,25.2063,24.0952,24.373,10307581,
002988.SZ,әАГАРВІД,2024-01-03,24.2392,24.6919,23.8688,24.054,6649342,
002988.SZ,әАГАРВІД,2024-01-04,23.838,24.5067,23.8277,24.4141,6295713,
002988.SZ,әАГАРВІД,2024-01-05,24.2907,24.589,23.6013,23.7351,5677549,
002988.SZ,әАГАРВІД,2024-01-08,23.7351,23.8997,23.2104,23.3133,3972788,
002988.SZ,әАГАРВІД,2024-01-09,23.4573,23.6631,23.1487,23.447,3518007,
002988.SZ,әАГАРВІД,2024-01-10,23.4985,23.4985,22.9429,22.9429,3056047,
002988.SZ,әАГАРВІД,2024-01-11,22.9943,23.6631,22.8914,23.4882,4551084,
002988.SZ,әАГАРВІД,2024-01-12,23.375,24.445,23.2412,23.2412,8254690,
002988.SZ,әАГАРВІД,2024-01-15,23.0766,23.3647,22.6754,23.2618,3963743,
002988.SZ,әАГАРВІД,2024-01-16,23.2412,23.2515,22.6342,23.0561,3912352,
002988.SZ,әАГАРВІД,2024-01-17,22.9943,23.1384,22.3462,22.3462,3105655,
002988.SZ,әАГАРВІД,2024-01-18,22.089,22.5931,21.626,22.5314,5955842,
002988.SZ,әАГАРВІД,2024-01-19,22.8194,22.84,22.0787,22.089,3883726,
002988.SZ,әАГАРВІД,2024-01-22,22.2536,22.2741,20.3297,20.6795,5300145,
002988.SZ,әАГАРВІД,2024-01-23,20.4017,21.1013,20.2885,21.0396,3963101,
002988.SZ,әАГАРВІД,2024-01-24,20.9367,21.3379,20.2371,20.9572,3947153,
002988.SZ,әАГАРВІД,2024-01-25,20.9881,21.5231,20.8338,21.4511,3105075,
002988.SZ,әАГАРВІД,2024-01-26,21.6774,21.8112,21.2556,21.3996,2962107,
002988.SZ,әАГАРВІД,2024-01-29,21.5437,21.5437,20.4737,20.5663,2795346,
002988.SZ,әАГАРВІД,2024-01-30,20.3502,20.8235,19.8358,19.9593,2784267,
002988.SZ,әАГАРВІД,2024-01-31,19.8873,20.165,19.023,19.1877,4741282,
002988.SZ,әАГАРВІД,2024-02-01,19.1362,19.4037,18.5189,18.8276,4406937,
002988.SZ,әАГАРВІД,2024-02-02,18.8379,19.2082,16.986,17.6547,4730558,
002988.SZ,әАГАРВІД,2024-02-05,17.4798,17.809,15.8851,15.8851,7015311,
002988.SZ,әАГАРВІД,2024-02-06,14.7534,16.5539,14.3007,15.7102,8528882,
002988.SZ,әАГАРВІД,2024-02-07,15.9468,15.9468,14.1361,14.3316,10148257,
002988.SZ,әАГАРВІД,2024-02-08,14.455,15.7617,13.3233,15.7617,10276525,
002988.SZ,әАГАРВІД,2024-02-19,16.4613,17.3358,15.9366,17.3358,8785269,
002988.SZ,әАГАРВІД,2024-02-20,17.2843,17.4901,16.1526,17.202,7337459,
002988.SZ,әАГАРВІД,2024-02-21,16.9448,18.1074,16.7905,17.5621,8568600,
002988.SZ,әАГАРВІД,2024-02-22,17.6959,18.0148,17.2535,17.9942,6689670,
002988.SZ,әАГАРВІД,2024-02-23,18.1485,18.8276,17.7576,18.7761,8832352,
002988.SZ,әАГАРВІД,2024-02-26,18.5909,19.7535,18.4469,19.27,7928780,
002988.SZ,әАГАРВІД,2024-02-27,18.8996,20.7721,18.6732,20.5663,11607782,
002988.SZ,әАГАРВІД,2024-02-28,20.8852,21.3996,18.6321,18.879,18389681,
002988.SZ,әАГАРВІД,2024-02-29,18.7144,19.5992,18.6321,19.558,10353894,
002988.SZ,әАГАРВІД,2024-03-01,19.4243,19.5889,19.0333,19.3317,8293133,
002988.SZ,әАГАРВІД,2024-03-04,19.342,19.414,18.7453,19.27,5208933,
002988.SZ,әАГАРВІД,2024-03-05,19.0951,20.0622,18.879,19.5683,9968337,
002988.SZ,әАГАРВІД,2024-03-06,19.2288,19.7741,19.0436,19.4552,5636500,
002988.SZ,әАГАРВІД,2024-03-07,19.5375,19.9078,19.27,19.4037,6164039,
002988.SZ,әАГАРВІД,2024-03-08,19.27,19.4654,19.1362,19.3317,4050375,
002988.SZ,әАГАРВІД,2024-03-11,19.4757,19.8152,19.3626,19.7227,5404469,
002988.SZ,әАГАРВІД,2024-03-12,19.7227,20.2268,19.5992,20.021,6880303,
002988.SZ,әАГАРВІД,2024-03-13,19.9901,20.3194,19.8564,20.2371,6190900,
002988.SZ,әАГАРВІД,2024-03-14,20.3194,20.556,19.6506,20.0313,6051382,
002988.SZ,әАГАРВІД,2024-03-15,19.7535,20.5046,19.6712,20.4737,6970172,
002988.SZ,әАГАРВІД,2024-03-18,20.5766,21.3894,20.4737,21.3791,10027449,
002988.SZ,әАГАРВІД,2024-03-19,21.2762,21.2762,20.5046,20.5766,10543369,
002988.SZ,әАГАРВІД,2024-03-20,20.5457,20.7823,20.3708,20.7823,5522496,
002988.SZ,әАГАРВІД,2024-03-21,20.5251,20.9572,20.4428,20.5869,5009100,
002988.SZ,әАГАРВІД,2024-03-22,20.5149,20.7412,20.165,20.2988,4290222,
002988.SZ,әАГАРВІД,2024-03-25,20.0622,20.7618,19.9696,20.0107,4571357,
002988.SZ,әАГАРВІД,2024-03-26,19.9387,20.556,19.877,20.3502,4793700,
002988.SZ,әАГАРВІД,2024-03-27,20.3914,20.4531,19.2597,19.3214,3941769,
002988.SZ,әАГАРВІД,2024-03-28,19.0128,19.9181,18.9613,19.4963,3957600,
002988.SZ,әАГАРВІД,2024-03-29,19.5478,20.1033,19.4963,20.1033,3511500,
002988.SZ,әАГАРВІД,2024-04-01,20.1753,21.7803,20.1548,21.6877,14683989,
002988.SZ,әАГАРВІД,2024-04-02,22.0787,22.1095,21.091,21.1939,16597588,
002988.SZ,әАГАРВІД,2024-04-03,20.9881,21.5745,20.5869,21.4099,10430300,
002988.SZ,әАГАРВІД,2024-04-08,21.3996,21.3996,20.0622,20.0725,8780817,
002988.SZ,әАГАРВІД,2024-04-09,19.949,21.2762,19.949,20.8955,7484966,
002988.SZ,әАГАРВІД,2024-04-10,20.6486,21.019,19.5683,19.8255,6836900,
002988.SZ,әАГАРВІД,2024-04-11,19.5889,20.2062,19.2597,19.8564,5180105,
002988.SZ,әАГАРВІД,2024-04-12,20.0725,20.1959,19.3214,19.3317,4035500,
002988.SZ,әАГАРВІД,2024-04-15,19.4757,19.9387,17.9016,18.2823,6944880,
002988.SZ,әАГАРВІД,2024-04-16,17.9634,18.3132,16.8625,16.986,6508399,
002988.SZ,әАГАРВІД,2024-04-17,18.6835,18.6835,18.6835,18.6835,1214700,
002988.SZ,әАГАРВІД,2024-04-18,19.5375,19.5889,18.8687,19.0333,11231692,
002988.SZ,әАГАРВІД,2024-04-19,18.7658,19.3523,18.3029,18.3543,7188445,
002988.SZ,әАГАРВІД,2024-04-22,18.0045,18.3132,17.665,17.9119,4178500,
002988.SZ,әАГАРВІД,2024-04-23,17.8913,18.0868,17.737,17.9634,3676400,
002988.SZ,әАГАРВІД,2024-04-24,17.8708,18.9305,17.8605,18.7556,5366700,
002988.SZ,әАГАРВІД,2024-04-25,18.5601,19.6609,18.4675,19.4243,6751011,
002988.SZ,әАГАРВІД,2024-04-26,19.4243,20.8441,19.0642,20.5046,11429947,
002988.SZ,әАГАРВІД,2024-04-29,20.9881,21.2145,20.5046,20.5663,15447500,
002988.SZ,әАГАРВІД,2024-04-30,20.4531,20.5046,19.8667,19.877,7293278,
002988.SZ,әАГАРВІД,2024-05-06,20.0827,20.2268,19.9593,20.1856,4179600,
002988.SZ,әАГАРВІД,2024-05-07,20.0313,20.2165,19.9593,20.1033,3669400,
002988.SZ,әАГАРВІД,2024-05-08,19.9696,20.021,19.6506,19.7124,3253600,
002988.SZ,әАГАРВІД,2024-05-09,19.8358,20.1445,19.5478,19.9799,2972600,
002988.SZ,әАГАРВІД,2024-05-10,19.9696,20.1856,19.6712,19.7638,2824800,
002988.SZ,әАГАРВІД,2024-05-13,19.6301,19.6301,19.0436,19.0848,2979960,
002988.SZ,әАГАРВІД,2024-05-14,19.0951,19.4757,19.0951,19.4037,2298300,
002988.SZ,әАГАРВІД,2024-05-15,19.2494,19.4654,19.0436,19.0436,2171400,
002988.SZ,әАГАРВІД,2024-05-16,19.0539,19.4963,19.0539,19.1877,2400100,
002988.SZ,әАГАРВІД,2024-05-17,19.2905,19.4654,19.0436,19.4654,2636500,
002988.SZ,әАГАРВІД,2024-05-20,19.4757,19.8358,19.4757,19.7432,3340300,
002988.SZ,әАГАРВІД,2024-05-21,19.8255,19.9901,19.2597,19.3214,3560400,
002988.SZ,әАГАРВІД,2024-05-22,19.3111,19.4654,19.0333,19.1465,2804600,
002988.SZ,әАГАРВІД,2024-05-23,19.023,19.0333,18.4469,18.5292,3144599,
002988.SZ,әАГАРВІД,2024-05-24,18.6732,18.6732,18.3132,18.3234,1800700,
002988.SZ,әАГАРВІД,2024-05-27,18.4778,18.4778,17.9222,18.4366,2083400,
002988.SZ,әАГАРВІД,2024-05-28,18.3646,18.6115,18.2411,18.2411,1944300,
002988.SZ,әАГАРВІД,2024-05-29,18.3234,18.7144,18.128,18.5601,2621872,
002988.SZ,әАГАРВІД,2024-05-30,18.4675,18.7247,18.2823,18.3029,2401099,
002988.SZ,әАГАРВІД,2024-05-31,18.3029,18.4675,18.2617,18.344,1877300,
002988.SZ,әАГАРВІД,2024-06-03,18.4058,18.4058,17.7061,17.9016,2262530,
002988.SZ,әАГАРВІД,2024-06-04,17.6856,17.809,17.3563,17.6033,2537499,
002988.SZ,әАГАРВІД,2024-06-05,17.5518,17.5724,17.0374,17.0374,2159766,
002988.SZ,әАГАРВІД,2024-06-06,17.1403,17.3358,16.0497,16.2349,4529702,
002988.SZ,әАГАРВІД,2024-06-07,16.4304,17.0065,16.3069,16.6876,3190300,
002988.SZ,әАГАРВІД,2024-06-11,16.5641,17.1506,16.2761,17.1197,3011722,
002988.SZ,әАГАРВІД,2024-06-12,17.1712,17.2329,16.9757,17.13,1874984,
002988.SZ,әАГАРВІД,2024-06-13,17.13,17.2638,17.0065,17.0374,1977400,
002988.SZ,әАГАРВІД,2024-06-14,17.0374,17.1403,16.7288,17.0477,1831400,
002988.SZ,әАГАРВІД,2024-06-17,16.8111,17.0786,16.739,16.7802,1811800,
002988.SZ,әАГАРВІД,2024-06-18,16.7699,17.058,16.6876,17.0065,1411900,
002988.SZ,әАГАРВІД,2024-06-19,17.0065,17.1917,16.8316,16.8934,1643000,
002988.SZ,әАГАРВІД,2024-06-20,16.9345,16.9963,16.3892,16.3995,2194933,
002988.SZ,әАГАРВІД,2024-06-21,16.4716,16.5641,16.1012,16.2452,2495030,
002988.SZ,әАГАРВІД,2024-06-24,16.1835,16.4613,15.4427,15.5147,2570022,
002988.SZ,әАГАРВІД,2024-06-25,15.7617,15.8748,15.4839,15.6588,1996300,
002988.SZ,әАГАРВІД,2024-06-26,15.6382,16.3584,15.5353,16.3378,2091477,
002988.SZ,әАГАРВІД,2024-06-27,16.3995,16.4407,15.8234,15.8645,1792010,
002988.SZ,әАГАРВІД,2024-06-28,15.9263,16.1526,15.7102,15.7925,2060377,
002988.SZ,әАГАРВІД,2024-07-01,15.7925,16.1835,15.6794,16.1115,2047822,
002988.SZ,әАГАРВІД,2024-07-02,16.1629,16.2452,16.0086,16.0909,1638400,
002988.SZ,әАГАРВІД,2024-07-03,16.1423,16.1938,15.9983,16.0703,1521100,
002988.SZ,әАГАРВІД,2024-07-04,16.0292,16.1938,15.5662,15.6279,2047300,
002988.SZ,әАГАРВІД,2024-07-05,15.5456,15.916,15.3398,15.8954,1800000,
002988.SZ,әАГАРВІД,2024-07-08,15.8954,15.9366,15.2884,15.4016,1842500,
002988.SZ,әАГАРВІД,2024-07-09,15.4119,15.6896,15.0003,15.6382,2386700,
002988.SZ,әАГАРВІД,2024-07-10,16.3378,16.379,15.7514,15.8851,4929856,
002988.SZ,әАГАРВІД,2024-07-11,16.1526,16.5127,16.1218,16.451,4633700,
002988.SZ,әАГАРВІД,2024-07-12,16.5847,16.5847,16.3378,16.451,2667236,
002988.SZ,әАГАРВІД,2024-07-15,16.4407,16.4716,16.1012,16.1526,2356306,
002988.SZ,әАГАРВІД,2024-07-16,16.1835,16.2246,15.6176,15.8234,2513000,
002988.SZ,әАГАРВІД,2024-07-17,15.8954,15.8954,15.2987,15.3193,2704949,
002988.SZ,әАГАРВІД,2024-07-18,15.2987,15.2987,14.8151,15.1547,2160719,
002988.SZ,әАГАРВІД,2024-07-19,15.2472,15.2472,14.8048,14.9386,3036200,
002988.SZ,әАГАРВІД,2024-07-22,14.9077,15.2061,14.7637,15.0312,3820829,
002988.SZ,әАГАРВІД,2024-07-23,15.0209,15.381,14.6094,14.6299,3853365,
002988.SZ,әАГАРВІД,2024-07-24,14.5682,15.2987,14.311,14.8151,4401000,
002988.SZ,әАГАРВІД,2024-07-25,14.5888,15.1032,14.1258,14.8048,4701474,
002988.SZ,әАГАРВІД,2024-07-26,14.8048,15.1032,14.7225,15.0826,2602252,
002988.SZ,әАГАРВІД,2024-07-29,15.1547,15.1649,14.918,14.9592,1715263,
002988.SZ,әАГАРВІД,2024-07-30,14.9489,15.0209,14.6608,14.9798,1753563,
002988.SZ,әАГАРВІД,2024-07-31,15.0209,15.7925,14.8974,15.6382,4509019,
002988.SZ,әАГАРВІД,2024-08-01,15.6999,15.8234,15.4736,15.5353,1962401,
002988.SZ,әАГАРВІД,2024-08-02,15.4839,15.525,15.1238,15.2472,2034629,
002988.SZ,әАГАРВІД,2024-08-05,15.1855,15.4119,14.6814,14.7431,2617200,
002988.SZ,әАГАРВІД,2024-08-06,14.8357,15.0929,14.8151,15.0723,1639000,
002988.SZ,әАГАРВІД,2024-08-07,15.1547,15.1752,15.0003,15.1341,1261722,
002988.SZ,әАГАРВІД,2024-08-08,15.0106,15.1238,14.7431,14.99,1589400,
002988.SZ,әАГАРВІД,2024-08-09,14.99,15.1444,14.8769,14.8769,1164926,
002988.SZ,әАГАРВІД,2024-08-12,14.918,14.9489,14.6608,14.7534,1165500,
002988.SZ,әАГАРВІД,2024-08-13,14.6505,14.846,14.5888,14.8357,891300,
002988.SZ,әАГАРВІД,2024-08-14,14.9386,14.9386,14.6094,14.6094,1048900,
002988.SZ,әАГАРВІД,2024-08-15,14.6094,14.846,14.3625,14.7225,1539378,
002988.SZ,әАГАРВІД,2024-08-16,14.7225,14.8769,14.6402,14.7637,900600,
002988.SZ,әАГАРВІД,2024-08-19,14.8563,15.0518,14.7637,14.8872,1959300,
002988.SZ,әАГАРВІД,2024-08-20,14.8872,14.9386,13.9818,14.2081,4423320,
002988.SZ,әАГАРВІД,2024-08-21,14.2699,14.5888,14.2287,14.455,2315020,
002988.SZ,әАГАРВІД,2024-08-22,14.4653,14.5374,14.1155,14.1258,1395000,
002988.SZ,әАГАРВІД,2024-08-23,14.167,14.2081,13.9098,14.1052,1085234,
002988.SZ,әАГАРВІД,2024-08-26,14.0744,14.5065,13.9509,14.4036,1614633,
002988.SZ,әАГАРВІД,2024-08-27,14.3522,14.4448,14.1464,14.167,1017000,
002988.SZ,әАГАРВІД,2024-08-28,14.0538,14.3625,14.0538,14.2184,1010900,
002988.SZ,әАГАРВІД,2024-08-29,14.1464,14.6505,14.0229,14.5785,1665627,
002988.SZ,әАГАРВІД,2024-08-30,14.5785,15.0621,14.5065,14.8563,2112800,
002988.SZ,әАГАРВІД,2024-09-02,14.8666,14.9695,14.4448,14.455,1561030,
002988.SZ,әАГАРВІД,2024-09-03,14.5168,14.7123,14.383,14.5168,1160100,
002988.SZ,әАГАРВІД,2024-09-04,14.5168,14.5271,14.311,14.3625,1373100,
002988.SZ,әАГАРВІД,2024-09-05,14.3316,14.5065,14.3316,14.4345,905000,
002988.SZ,әАГАРВІД,2024-09-06,14.5168,14.5271,14.1258,14.1258,1647600,
002988.SZ,әАГАРВІД,2024-09-09,14.2493,14.2493,13.9921,14.095,1424049,
002988.SZ,әАГАРВІД,2024-09-10,14.2801,14.2801,13.7863,13.9921,1741954,
002988.SZ,әАГАРВІД,2024-09-11,13.9098,14.0641,13.8789,13.9921,918000,
002988.SZ,әАГАРВІД,2024-09-12,13.9921,14.1464,13.7966,13.8069,1043681,
002988.SZ,әАГАРВІД,2024-09-13,13.8069,13.9406,13.4777,13.5085,1506000,
002988.SZ,әАГАРВІД,2024-09-18,13.4777,13.6834,13.1073,13.4056,1378100,
002988.SZ,әАГАРВІД,2024-09-19,13.632,13.9612,13.4879,13.8686,2174912,
002988.SZ,әАГАРВІД,2024-09-20,13.8686,14.0538,13.7349,13.9406,1615200,
002988.SZ,әАГАРВІД,2024-09-23,14.0127,14.1258,13.8583,14.0127,1058300,
002988.SZ,әАГАРВІД,2024-09-24,14.1383,14.5887,14.086,14.5887,2290944,
002988.SZ,әАГАРВІД,2024-09-25,14.7039,15.039,14.6724,14.7039,2932900,
002988.SZ,әАГАРВІД,2024-09-26,14.6724,15.1123,14.6201,15.1018,2691327,
002988.SZ,әАГАРВІД,2024-09-27,15.2799,15.9815,15.1961,15.814,4732300,
002988.SZ,әАГАРВІД,2024-09-30,16.2329,17.2802,15.9606,17.144,8518690,
002988.SZ,әАГАРВІД,2024-10-08,18.8511,18.8511,17.144,17.8562,9417935,
002988.SZ,әАГАРВІД,2024-10-09,17.4792,17.4792,16.4633,16.4633,6343980,
002988.SZ,әАГАРВІД,2024-10-10,16.6204,16.9031,16.2853,16.4947,4052713,
002988.SZ,әАГАРВІД,2024-10-11,16.4319,16.4738,15.7092,15.8768,3171100,
002988.SZ,әАГАРВІД,2024-10-14,15.8978,16.3795,15.8454,16.2224,2970700,
002988.SZ,әАГАРВІД,2024-10-15,16.2119,16.3481,15.8454,15.8873,2753600,
002988.SZ,әАГАРВІД,2024-10-16,15.7092,16.17,15.6778,15.9187,1840000,
002988.SZ,әАГАРВІД,2024-10-17,16.1072,17.5106,15.9396,17.5106,7992373,
002988.SZ,әАГАРВІД,2024-10-18,17.741,18.1075,17.0917,18.0656,18354382,
002988.SZ,әАГАРВІД,2024-10-21,17.9609,19.0187,17.741,18.3065,15371786,
002988.SZ,әАГАРВІД,2024-10-22,18.4845,19.2595,18.4322,18.7464,12579567,
002988.SZ,әАГАРВІД,2024-10-23,18.6207,19.7622,18.6207,19.291,11214094,
002988.SZ,әАГАРВІД,2024-10-24,19.3224,20.3173,19.0396,20.0136,11289675,
002988.SZ,әАГАРВІД,2024-10-25,19.8984,20.1078,19.1967,19.5423,10511531,
002988.SZ,әАГАРВІД,2024-10-28,19.3538,21.4693,19.2281,21.0399,14037706,
002988.SZ,әАГАРВІД,2024-10-29,20.7886,21.3332,20.422,20.7257,8886306,
002988.SZ,әАГАРВІД,2024-10-30,20.5372,21.4169,20.5372,21.2598,7723800,
002988.SZ,әАГАРВІД,2024-10-31,21.2284,21.8673,20.9666,21.1028,7201100,
002988.SZ,әАГАРВІД,2024-11-01,21.0294,21.0294,19.6889,19.7936,10027443,
002988.SZ,әАГАРВІД,2024-11-04,19.7727,21.0923,19.5632,20.9457,8110560,
002988.SZ,әАГАРВІД,2024-11-05,20.9457,21.972,20.9038,21.8777,8090168,
002988.SZ,әАГАРВІД,2024-11-06,22.0767,22.4537,21.3227,21.6997,9857380,
002988.SZ,әАГАРВІД,2024-11-07,21.7102,23.8676,21.4693,23.8676,8113384,
002988.SZ,әАГАРВІД,2024-11-08,25.1138,25.1138,23.4696,23.7733,16167743,
002988.SZ,әАГАРВІД,2024-11-11,23.7733,24.9358,22.6004,23.0088,15916859,
002988.SZ,әАГАРВІД,2024-11-12,22.2862,22.7889,21.1446,21.8359,14186606,
002988.SZ,әАГАРВІД,2024-11-13,21.8359,22.1815,21.1551,21.9092,7163735,
002988.SZ,әАГАРВІД,2024-11-14,21.4588,22.946,21.4588,21.9929,10116600,
002988.SZ,әАГАРВІД,2024-11-15,22.0034,22.5794,21.1551,21.1761,6802500,
002988.SZ,әАГАРВІД,2024-11-18,21.2598,21.3017,19.8984,20.2649,8225100,
002988.SZ,әАГАРВІД,2024-11-19,20.1707,20.7571,19.9717,20.5791,4350526,
002988.SZ,әАГАРВІД,2024-11-20,20.6838,21.0085,20.4849,20.7362,4741995,
002988.SZ,әАГАРВІД,2024-11-21,20.799,21.0504,20.0241,20.4011,4383563,
002988.SZ,әАГАРВІД,2024-11-22,20.3801,22.4433,20.1393,21.3855,18198099,
002988.SZ,әАГАРВІД,2024-11-25,21.396,21.574,20.5267,20.998,10802939,
002988.SZ,әАГАРВІД,2024-11-26,20.8933,23.1031,20.8933,22.2024,15409509,
002988.SZ,әАГАРВІД,2024-11-27,22.1605,22.5166,21.4693,22.3071,10932015,
002988.SZ,әАГАРВІД,2024-11-28,22.2338,22.2862,21.1761,21.4484,7609995,
002988.SZ,әАГАРВІД,2024-11-29,21.4274,22.0767,21.0294,21.9615,6079800,
002988.SZ,әАГАРВІД,2024-12-02,21.9615,23.2602,21.8777,22.726,8669113,
002988.SZ,әАГАРВІД,2024-12-03,22.9564,23.8047,22.2338,23.4487,11178382,
002988.SZ,әАГАРВІД,2024-12-04,23.4382,23.8466,22.9355,23.5534,7238313,
002988.SZ,әАГАРВІД,2024-12-05,23.5534,23.8571,23.0402,23.5639,6093913,
002988.SZ,әАГАРВІД,2024-12-06,23.522,24.852,23.0507,24.6949,9279513,
002988.SZ,әАГАРВІД,2024-12-09,24.098,25.051,23.5743,23.7524,9920875,
002988.SZ,әАГАРВІД,2024-12-10,24.2446,24.2655,22.15,22.2967,12896937,
002988.SZ,әАГАРВІД,2024-12-11,22.2024,22.2024,21.0504,21.2703,10515938,
002988.SZ,әАГАРВІД,2024-12-12,21.3646,21.5636,21.1446,21.396,5613200,
002988.SZ,әАГАРВІД,2024-12-13,21.396,22.7679,21.2703,22.2967,9591986,
002988.SZ,әАГАРВІД,2024-12-16,22.2024,22.2338,21.3646,21.7102,5759755,
002988.SZ,әАГАРВІД,2024-12-17,21.7625,21.7625,20.7886,20.9247,3971458,
002988.SZ,әАГАРВІД,2024-12-18,20.9561,22.7051,20.9457,21.9196,9212635,
002988.SZ,әАГАРВІД,2024-12-19,21.9301,22.0139,21.2808,21.773,4712200,
002988.SZ,әАГАРВІД,2024-12-20,21.9301,22.5166,21.8254,22.4642,5436400,
002988.SZ,әАГАРВІД,2024-12-23,22.7994,23.2602,22.0977,22.4747,7273766,
002988.SZ,әАГАРВІД,2024-12-24,22.3595,23.0402,22.0977,22.6737,5471501,
002988.SZ,әАГАРВІД,2024-12-25,22.5166,22.925,22.2757,22.8098,4810707,
002988.SZ,әАГАРВІД,2024-12-26,22.8308,23.2287,22.5689,23.0402,4229558,
002988.SZ,әАГАРВІД,2024-12-27,23.0402,23.7629,22.747,22.8098,6321778,
002988.SZ,әАГАРВІД,2024-12-30,22.37,22.7156,21.6264,21.8568,4931600,
002988.SZ,әАГАРВІД,2024-12-31,21.9196,22.6108,21.7416,22.171,4610091,
