代码,简称,日期,开盘价,最高价,最低价,收盘价,成交量(股),
CI005469.WI,激光加工设备(中信),2019-11-29,1000,1000,1000,1000,0,
CI005469.WI,激光加工设备(中信),2019-12-02,1000,1000,1000,1000,0,
CI005469.WI,激光加工设备(中信),2019-12-03,1000,1000,1000,1000,0,
CI005469.WI,激光加工设备(中信),2019-12-04,1000,1000,1000,1000,0,
CI005469.WI,激光加工设备(中信),2019-12-05,1000,1000,1000,1000,0,
CI005469.WI,激光加工设备(中信),2019-12-06,1000,1000,1000,1000,0,
CI005469.WI,激光加工设备(中信),2019-12-09,1000,1000,1000,1000,0,
CI005469.WI,激光加工设备(中信),2019-12-10,1000,1000,1000,1000,0,
CI005469.WI,激光加工设备(中信),2019-12-11,1000,1000,1000,1000,0,
CI005469.WI,激光加工设备(中信),2019-12-12,1000,1000,1000,1000,0,
CI005469.WI,激光加工设备(中信),2019-12-13,1000,1000,1000,1000,0,
CI005469.WI,激光加工设备(中信),2019-12-16,1000,1000,1000,1000,0,
CI005469.WI,激光加工设备(中信),2019-12-17,1000,1000,1000,1000,0,
CI005469.WI,激光加工设备(中信),2019-12-18,1000,1000,1000,1000,0,
CI005469.WI,激光加工设备(中信),2019-12-19,1000,1000,1000,1000,0,
CI005469.WI,激光加工设备(中信),2019-12-20,1000,1000,1000,1000,0,
CI005469.WI,激光加工设备(中信),2019-12-23,1000,1000,1000,1000,0,
CI005469.WI,激光加工设备(中信),2019-12-24,1000,1000,1000,1000,0,
CI005469.WI,激光加工设备(中信),2019-12-25,1000,1000,1000,1000,0,
CI005469.WI,激光加工设备(中信),2019-12-26,1000,1000,1000,1000,0,
CI005469.WI,激光加工设备(中信),2019-12-27,1000,1000,1000,1000,0,
CI005469.WI,激光加工设备(中信),2019-12-30,1000,1000,1000,1000,0,
CI005469.WI,激光加工设备(中信),2019-12-31,1000,1000,1000,1000,0,
CI005469.WI,激光加工设备(中信),2020-01-02,1000,1000,1000,1000,0,
CI005469.WI,激光加工设备(中信),2020-01-03,1000,1000,1000,1000,0,
CI005469.WI,激光加工设备(中信),2020-01-06,1000,1000,1000,1000,0,
CI005469.WI,激光加工设备(中信),2020-01-07,1000,1000,1000,1000,0,
CI005469.WI,激光加工设备(中信),2020-01-08,1000,1000,1000,1000,0,
CI005469.WI,激光加工设备(中信),2020-01-09,1000,1000,1000,1000,0,
CI005469.WI,激光加工设备(中信),2020-01-10,1000,1000,1000,1000,0,
CI005469.WI,激光加工设备(中信),2020-01-13,1000,1000,1000,1000,0,
CI005469.WI,激光加工设备(中信),2020-01-14,1000,1000,1000,1000,0,
CI005469.WI,激光加工设备(中信),2020-01-15,1000,1000,1000,1000,0,
CI005469.WI,激光加工设备(中信),2020-01-16,1000,1000,1000,1000,0,
CI005469.WI,激光加工设备(中信),2020-02-03,801.2109,847.6287,800,800,2741261,
CI005469.WI,激光加工设备(中信),2020-02-04,815.338,876.6902,810.2926,864.783,2955521,
CI005469.WI,激光加工设备(中信),2020-02-05,867.8102,928.3551,865.9939,901.1099,2802648,
CI005469.WI,激光加工设备(中信),2020-02-06,902.119,953.5821,889.0009,940.4641,2739421,
CI005469.WI,激光加工设备(中信),2020-02-07,944.5004,997.9818,929.3642,988.9,2988821,
CI005469.WI,激光加工设备(中信),2020-02-10,1001.009,1045.4086,968.9202,1005.0453,2995232,
CI005469.WI,激光加工设备(中信),2020-02-11,1009.0816,1017.9615,954.5912,958.8294,2387586,
CI005469.WI,激光加工设备(中信),2020-02-12,949.7477,1037.336,949.7477,1037.336,3310596,
CI005469.WI,激光加工设备(中信),2020-02-13,1037.336,1087.1846,1012.7144,1046.6196,4065225,
CI005469.WI,激光加工设备(中信),2020-02-14,1057.5177,1099.2937,1016.549,1061.1504,4001692,
CI005469.WI,激光加工设备(中信),2020-02-17,1061.1504,1095.0555,1047.4269,1091.4229,3371174,
CI005469.WI,激光加工设备(中信),2020-02-18,1092.0283,1120.0808,1063.7741,1100.3028,3574159,
CI005469.WI,激光加工设备(中信),2020-02-19,1079.3139,1090.0102,1041.3724,1047.4269,3452491,
CI005469.WI,激光加工设备(中信),2020-02-20,1047.0233,1069.4249,1009.2836,1040.3633,2259966,
CI005469.WI,激光加工设备(中信),2020-02-21,1033.2997,1054.8941,1011.5036,1014.1272,2580403,
CI005469.WI,激光加工设备(中信),2020-02-24,1009.0818,1022.8053,981.2311,1017.5581,2768533,
CI005469.WI,激光加工设备(中信),2020-02-25,986.0747,1020.7872,966.7004,1003.0273,2321108,
CI005469.WI,激光加工设备(中信),2020-02-26,983.4511,996.5692,956.8114,956.8114,2162634,
CI005469.WI,激光加工设备(中信),2020-02-27,960.6459,976.3876,932.3916,940.4643,1362282,
CI005469.WI,激光加工设备(中信),2020-02-28,906.1555,923.1081,873.4613,877.4976,1731533,
CI005469.WI,激光加工设备(中信),2020-03-02,884.9648,935.0153,884.9648,928.3553,1474833,
CI005469.WI,激光加工设备(中信),2020-03-03,943.6933,974.3694,928.9607,936.8316,1477250,
CI005469.WI,激光加工设备(中信),2020-03-04,936.8316,960.6459,918.2645,951.5642,1352902,
CI005469.WI,激光加工设备(中信),2020-03-05,963.4714,964.8841,942.6843,946.9224,1744727,
CI005469.WI,激光加工设备(中信),2020-03-06,928.3553,950.5551,926.7408,939.4552,945310,
CI005469.WI,激光加工设备(中信),2020-03-09,921.4935,936.8316,879.3139,885.5702,1601594,
CI005469.WI,激光加工设备(中信),2020-03-10,868.4158,910.3936,856.105,909.99,1546956,
CI005469.WI,激光加工设备(中信),2020-03-11,916.6499,920.2826,887.992,887.992,1111343,
CI005469.WI,激光加工设备(中信),2020-03-12,876.8921,885.1666,861.7559,874.6721,855583,
CI005469.WI,激光加工设备(中信),2020-03-13,827.4471,866.1958,821.5944,856.105,1162022,
CI005469.WI,激光加工设备(中信),2020-03-16,861.7559,874.4703,820.1817,826.438,1109375,
CI005469.WI,激光加工设备(中信),2020-03-17,831.4834,844.6015,803.8346,833.9052,966281,
CI005469.WI,激光加工设备(中信),2020-03-18,843.7942,871.2412,827.6489,833.5016,1169092,
CI005469.WI,激光加工设备(中信),2020-03-19,823.4108,850.0505,823.4108,848.436,1006851,
CI005469.WI,激光加工设备(中信),2020-03-20,851.2614,863.774,840.767,850.0505,796325,
CI005469.WI,激光加工设备(中信),2020-03-23,827.4471,836.1252,797.1746,798.7891,1087921,
CI005469.WI,激光加工设备(中信),2020-03-24,819.3744,819.9798,784.8638,810.6963,906141,
CI005469.WI,激光加工设备(中信),2020-03-25,837.5379,838.547,817.7599,824.218,882138,
CI005469.WI,激光加工设备(中信),2020-03-26,817.5581,825.0253,807.6691,811.5036,665301,
CI005469.WI,激光加工设备(中信),2020-03-27,823.4108,831.2816,803.8346,811.1,545017,
CI005469.WI,激光加工设备(中信),2020-03-30,804.2382,804.2382,774.9749,789.7075,923729,
CI005469.WI,激光加工设备(中信),2020-03-31,792.7347,800.202,781.0294,781.8367,402169,
CI005469.WI,激光加工设备(中信),2020-04-01,774.5713,833.0981,774.5713,821.3927,1496163,
CI005469.WI,激光加工设备(中信),2020-04-02,807.2656,871.8468,807.2656,866.1959,2036586,
CI005469.WI,激光加工设备(中信),2020-04-03,866.1959,890.0102,855.4996,861.1505,1249469,
CI005469.WI,激光加工设备(中信),2020-04-07,881.1303,905.7519,869.425,904.1374,1339145,
CI005469.WI,激光加工设备(中信),2020-04-08,904.1374,904.1374,873.8649,880.3231,1097978,
CI005469.WI,激光加工设备(中信),2020-04-09,887.9921,891.423,878.5068,889.8085,473456,
CI005469.WI,激光加工设备(中信),2020-04-10,889.8085,889.8085,865.9942,880.3231,959628,
CI005469.WI,激光加工设备(中信),2020-04-13,890.8176,939.4553,890.4139,915.2373,2203982,
CI005469.WI,激光加工设备(中信),2020-04-14,910.3937,984.0567,910.3937,978.8095,2587552,
CI005469.WI,激光加工设备(中信),2020-04-15,971.1405,986.0749,938.648,948.3352,1293041,
CI005469.WI,激光加工设备(中信),2020-04-16,942.0789,961.4533,930.3735,953.7842,902049,
CI005469.WI,激光加工设备(中信),2020-04-17,950.1515,961.8569,938.8498,957.4169,841837,
CI005469.WI,激光加工设备(中信),2020-04-20,956.206,988.9003,938.4462,968.315,1135248,
CI005469.WI,激光加工设备(中信),2020-04-21,970.3332,984.4603,950.5552,953.3806,976897,
CI005469.WI,激光加工设备(中信),2020-04-22,944.7025,966.2968,938.8498,963.2696,686887,
CI005469.WI,激光加工设备(中信),2020-04-23,958.8296,977.8004,936.6298,941.4734,833935,
CI005469.WI,激光加工设备(中信),2020-04-24,941.6752,944.5006,904.3392,914.2282,780093,
CI005469.WI,激光加工设备(中信),2020-04-27,908.3755,932.3917,908.3755,921.2918,442830,
CI005469.WI,激光加工设备(中信),2020-04-28,908.3756,908.3756,793.1384,843.5925,1398812,
CI005469.WI,激光加工设备(中信),2020-04-29,827.649,851.6652,814.9346,832.2908,594927,
CI005469.WI,激光加工设备(中信),2020-04-30,845.6107,928.9609,829.4654,910.1919,1400470,
CI005469.WI,激光加工设备(中信),2020-05-06,898.2847,958.6278,884.3594,951.9679,1474993,
CI005469.WI,激光加工设备(中信),2020-05-07,953.5824,998.5875,914.8337,918.2646,1833634,
CI005469.WI,激光加工设备(中信),2020-05-08,918.4664,940.4644,894.0466,900.1011,2003148,
CI005469.WI,激光加工设备(中信),2020-05-11,901.7156,916.2464,863.976,884.9649,1293483,
CI005469.WI,激光加工设备(中信),2020-05-12,878.1031,886.5794,846.8216,872.0487,1205968,
CI005469.WI,激光加工设备(中信),2020-05-13,857.9216,889.6067,857.9216,879.9195,873793,
CI005469.WI,激光加工设备(中信),2020-05-14,885.1667,910.9992,875.8832,883.1486,1056385,
CI005469.WI,激光加工设备(中信),2020-05-15,883.1486,906.7611,875.8832,888.5976,873320,
CI005469.WI,激光加工设备(中信),2020-05-18,890.6158,897.6793,815.9437,833.9054,2812510,
CI005469.WI,激光加工设备(中信),2020-05-19,841.1708,852.4725,836.3272,849.6471,1248050,
CI005469.WI,激光加工设备(中信),2020-05-20,851.6653,883.9559,839.7581,863.9761,1402682,
CI005469.WI,激光加工设备(中信),2020-05-21,859.5361,879.7178,840.7672,846.0144,1113422,
CI005469.WI,激光加工设备(中信),2020-05-22,845.0053,853.4816,815.3383,828.4564,784091,
CI005469.WI,激光加工设备(中信),2020-05-25,818.971,834.5109,813.522,829.4655,798246,
CI005469.WI,激光加工设备(中信),2020-05-26,830.4746,928.1537,830.4746,926.741,3248739,
CI005469.WI,激光加工设备(中信),2020-05-27,910.7975,946.519,908.1739,928.3555,2028227,
CI005469.WI,激光加工设备(中信),2020-05-28,928.3555,929.97,889.8086,903.7339,1097555,
CI005469.WI,激光加工设备(中信),2020-05-29,903.7339,927.9519,898.2849,919.0719,1313546,
CI005469.WI,激光加工设备(中信),2020-06-01,921.4937,998.7894,921.4937,998.5876,2892633,
CI005469.WI,激光加工设备(中信),2020-06-02,989.5059,1150.3535,989.5059,1062.1598,4587513,
CI005469.WI,激光加工设备(中信),2020-06-03,1060.7471,1079.7178,1039.96,1049.4454,2096887,
CI005469.WI,激光加工设备(中信),2020-06-04,1039.7189,1056.1323,993.1129,1012.3632,2255546,
CI005469.WI,激光加工设备(中信),2020-06-05,1021.2791,1040.5294,1001.0157,1013.1737,1761243,
CI005469.WI,激光加工设备(中信),2020-06-08,1013.3763,1045.3926,995.7471,1003.6499,1587103,
CI005469.WI,激光加工设备(中信),2020-06-09,1023.7107,1023.7107,962.515,968.5941,1401758,
CI005469.WI,激光加工设备(中信),2020-06-10,990.276,1040.7321,968.9994,1016.8212,2193871,
CI005469.WI,激光加工设备(中信),2020-06-11,1003.042,1036.4768,994.9366,1015.2001,1481246,
CI005469.WI,激光加工设备(中信),2020-06-12,980.9548,1063.4272,978.7258,1049.648,1829388,
CI005469.WI,激光加工设备(中信),2020-06-15,1043.569,1043.569,988.047,992.3024,1598976,
CI005469.WI,激光加工设备(中信),2020-06-16,1003.042,1026.345,1000.4078,1023.3055,1279076,
CI005469.WI,激光加工设备(中信),2020-06-17,1013.3764,1050.8638,1003.6499,1044.5821,1395149,
CI005469.WI,激光加工设备(中信),2020-06-18,1045.5953,1063.8324,1023.7107,1029.5871,917149,
CI005469.WI,激光加工设备(中信),2020-06-19,1049.4453,1060.3876,1014.9974,1050.6611,1412712,
CI005469.WI,激光加工设备(中信),2020-06-22,1053.7006,1153.8022,1053.7006,1105.9804,2374419,
CI005469.WI,激光加工设备(中信),2020-06-23,1105.9804,1152.5864,1071.7351,1142.0494,2263717,
CI005469.WI,激光加工设备(中信),2020-06-24,1127.865,1192.9107,1110.0331,1121.3807,1493110,
CI005469.WI,激光加工设备(中信),2020-06-29,1175.2815,1199.3951,1134.552,1172.4447,2150513,
CI005469.WI,激光加工设备(中信),2020-06-30,1157.2471,1185.4133,1147.5206,1165.1498,1238647,
CI005469.WI,激光加工设备(中信),2020-07-01,1160.8945,1183.1843,1127.2571,1134.552,1479682,
CI005469.WI,激光加工设备(中信),2020-07-02,1134.552,1144.4811,1109.4253,1120.5702,1218629,
CI005469.WI,激光加工设备(中信),2020-07-03,1120.3676,1225.9403,1120.3676,1222.9008,2236480,
CI005469.WI,激光加工设备(中信),2020-07-06,1273.1542,1443.7727,1252.2828,1361.7056,3068625,
CI005469.WI,激光加工设备(中信),2020-07-07,1349.1422,1579.9432,1346.508,1469.102,2956012,
CI005469.WI,激光加工设备(中信),2020-07-08,1509.4263,1519.7607,1412.9722,1489.3655,1715578,
CI005469.WI,激光加工设备(中信),2020-07-09,1461.8072,1570.2168,1456.9439,1537.9978,2393129,
CI005469.WI,激光加工设备(中信),2020-07-10,1516.7212,1571.8378,1470.9257,1489.1628,1578348,
CI005469.WI,激光加工设备(中信),2020-07-13,1488.9602,1618.6464,1450.8648,1590.2775,1995231,
CI005469.WI,激光加工设备(中信),2020-07-14,1590.2775,1590.4801,1456.9438,1511.0473,1981506,
CI005469.WI,激光加工设备(中信),2020-07-15,1491.1891,1519.558,1418.6459,1434.654,1258175,
CI005469.WI,激光加工设备(中信),2020-07-16,1418.8485,1481.26,1360.0844,1360.0844,1324111,
CI005469.WI,激光加工设备(中信),2020-07-17,1360.0844,1478.8284,1360.0844,1464.8466,1691990,
CI005469.WI,激光加工设备(中信),2020-07-20,1481.0574,1651.0679,1481.0574,1600.4092,1923046,
CI005469.WI,激光加工设备(中信),2020-07-21,1620.2674,1621.0779,1512.871,1520.5711,1254355,
CI005469.WI,激光加工设备(中信),2020-07-22,1539.8214,1570.8245,1499.9024,1550.1558,895688,
CI005469.WI,激光加工设备(中信),2020-07-23,1550.1558,1626.1438,1524.8265,1598.5855,1204106,
CI005469.WI,激光加工设备(中信),2020-07-24,1603.6514,1651.4732,1466.6703,1493.4181,1305007,
CI005469.WI,激光加工设备(中信),2020-07-27,1493.4181,1550.3585,1420.4696,1529.2845,1040242,
CI005469.WI,激光加工设备(中信),2020-07-28,1566.9746,1573.4589,1369.8109,1423.5092,1290370,
CI005469.WI,激光加工设备(中信),2020-07-29,1423.5092,1501.5236,1392.1008,1487.7444,1366316,
CI005469.WI,激光加工设备(中信),2020-07-30,1487.7444,1487.7444,1432.0198,1445.799,697341,
CI005469.WI,激光加工设备(中信),2020-07-31,1456.7413,1516.1133,1428.575,1438.0989,894416,
CI005469.WI,激光加工设备(中信),2020-08-03,1438.3015,1540.6321,1401.8273,1540.6321,1511934,
CI005469.WI,激光加工设备(中信),2020-08-04,1540.6321,1540.6321,1469.5073,1483.6917,852315,
CI005469.WI,激光加工设备(中信),2020-08-05,1485.5154,1529.6898,1440.9358,1470.9257,884076,
CI005469.WI,激光加工设备(中信),2020-08-06,1470.5204,1590.2776,1464.4414,1523.8134,1353570,
CI005469.WI,激光加工设备(中信),2020-08-07,1523.8134,1543.8742,1439.3147,1471.5336,702929,
CI005469.WI,激光加工设备(中信),2020-08-10,1463.0229,1496.6603,1402.8404,1459.5781,828937,
CI005469.WI,激光加工设备(中信),2020-08-11,1459.5781,1480.6521,1361.7055,1377.9163,711130,
CI005469.WI,激光加工设备(中信),2020-08-12,1377.9163,1519.558,1377.9163,1492.8102,1383475,
CI005469.WI,激光加工设备(中信),2020-08-13,1506.9946,1600.4093,1506.9946,1560.2876,1189713,
CI005469.WI,激光加工设备(中信),2020-08-14,1600.004,1600.004,1510.2368,1584.8064,675397,
CI005469.WI,激光加工设备(中信),2020-08-17,1584.8064,1605.0699,1442.1515,1479.2337,1448100,
CI005469.WI,激光加工设备(中信),2020-08-18,1485.1101,1496.8629,1423.1039,1496.6603,775217,
CI005469.WI,激光加工设备(中信),2020-08-19,1505.5762,1505.5762,1438.7068,1454.107,372214,
CI005469.WI,激光加工设备(中信),2020-08-20,1454.107,1487.5417,1374.4715,1396.5587,855186,
CI005469.WI,激光加工设备(中信),2020-08-21,1396.5587,1450.6622,1328.0682,1341.442,816877,
CI005469.WI,激光加工设备(中信),2020-08-24,1341.442,1378.1189,1306.5888,1359.0712,625886,
CI005469.WI,激光加工设备(中信),2020-08-25,1297.4702,1369.8108,1252.4853,1268.2908,2383633,
CI005469.WI,激光加工设备(中信),2020-08-26,1262.0091,1323.6101,1225.9401,1234.0455,1045599,
CI005469.WI,激光加工设备(中信),2020-08-27,1234.0455,1314.4915,1231.8165,1275.383,772999,
CI005469.WI,激光加工设备(中信),2020-08-28,1312.6678,1312.6678,1238.0982,1253.4984,335726,
CI005469.WI,激光加工设备(中信),2020-08-31,1253.4984,1257.3485,1198.1791,1215.8083,870377,
CI005469.WI,激光加工设备(中信),2020-09-01,1206.6897,1240.7324,1201.6239,1230.6006,345164,
CI005469.WI,激光加工设备(中信),2020-09-02,1234.4507,1235.6665,1205.8792,1216.8214,333888,
CI005469.WI,激光加工设备(中信),2020-09-03,1216.8214,1253.4983,1186.2236,1186.2236,521581,
CI005469.WI,激光加工设备(中信),2020-09-04,1175.2813,1195.5448,1154.6126,1193.3158,302391,
CI005469.WI,激光加工设备(中信),2020-09-07,1193.3158,1214.9977,1175.4839,1185.8183,365203,
CI005469.WI,激光加工设备(中信),2020-09-08,1185.8183,1215.2003,1165.7575,1191.8973,355360,
CI005469.WI,激光加工设备(中信),2020-09-09,1191.8973,1204.6633,1120.3673,1125.0278,424296,
CI005469.WI,激光加工设备(中信),2020-09-10,1125.2304,1140.8333,1064.44,1067.8848,401540,
CI005469.WI,激光加工设备(中信),2020-09-11,1067.8848,1114.0855,1046.4055,1097.4695,391273,
CI005469.WI,激光加工设备(中信),2020-09-14,1114.4908,1149.9519,1055.9294,1073.9639,728010,
CI005469.WI,激光加工设备(中信),2020-09-15,1060.7926,1096.8616,1055.7268,1073.9639,513929,
CI005469.WI,激光加工设备(中信),2020-09-16,1073.9639,1083.4877,1037.4897,1042.5555,506790,
CI005469.WI,激光加工设备(中信),2020-09-17,1042.5555,1089.972,1031.8159,1078.2192,663785,
CI005469.WI,激光加工设备(中信),2020-09-18,1063.4269,1130.0937,1063.4269,1114.6934,552346,
CI005469.WI,激光加工设备(中信),2020-09-21,1112.8697,1132.12,1104.5617,1116.1118,289225,
CI005469.WI,激光加工设备(中信),2020-09-22,1110.0328,1126.0409,1092.6062,1107.6011,327957,
CI005469.WI,激光加工设备(中信),2020-09-23,1107.6011,1137.9963,1107.6011,1125.433,266640,
CI005469.WI,激光加工设备(中信),2020-09-24,1130.7015,1130.7015,1070.9243,1082.6771,329166,
CI005469.WI,激光加工设备(中信),2020-09-25,1082.6771,1086.7298,1031.8158,1031.8158,554735,
CI005469.WI,激光加工设备(中信),2020-09-28,1047.0134,1059.7794,995.9495,1033.6395,568045,
CI005469.WI,激光加工设备(中信),2020-09-29,1054.3082,1054.5109,1029.1815,1040.7317,173218,
CI005469.WI,激光加工设备(中信),2020-09-30,1040.7317,1063.8321,1023.5078,1040.9343,196675,
CI005469.WI,激光加工设备(中信),2020-10-09,1040.9343,1097.3404,1040.9343,1095.0622,1747541,
CI005469.WI,激光加工设备(中信),2020-10-12,1098.4309,1144.6115,1098.4309,1134.9973,2722690,
CI005469.WI,激光加工设备(中信),2020-10-13,1137.0448,1137.9736,1117.7168,1129.7774,1644797,
CI005469.WI,激光加工设备(中信),2020-10-14,1138.5908,1138.5908,1098.8056,1101.8729,1952500,
CI005469.WI,激光加工设备(中信),2020-10-15,1100.4203,1108.5173,1078.2211,1083.5322,1242376,
CI005469.WI,激光加工设备(中信),2020-10-16,997.0109,1090.8766,996.9179,1056.4066,1597243,
CI005469.WI,激光加工设备(中信),2020-10-19,1056.7121,1066.5653,1035.8644,1039.8098,1344689,
CI005469.WI,激光加工设备(中信),2020-10-20,1039.8098,1046.7071,1030.4442,1045.568,1185374,
CI005469.WI,激光加工设备(中信),2020-10-21,1044.6636,1044.6636,1003.9277,1009.176,2122315,
CI005469.WI,激光加工设备(中信),2020-10-22,1010.6651,1010.6651,995.5048,1003.3693,1338031,
CI005469.WI,激光加工设备(中信),2020-10-23,1014.8251,1016.1321,983.3209,986.1757,1687103,
CI005469.WI,激光加工设备(中信),2020-10-26,989.34,997.4998,976.8181,983.4909,1290695,
CI005469.WI,激光加工设备(中信),2020-10-27,1014.4045,1027.2378,997.5242,1006.6854,3006637,
CI005469.WI,激光加工设备(中信),2020-10-28,993.7223,1006.9018,988.2353,1000.0086,1942510,
CI005469.WI,激光加工设备(中信),2020-10-29,992.6318,1029.2928,987.4725,1014.8569,2486130,
CI005469.WI,激光加工设备(中信),2020-10-30,1033.9242,1035.7856,963.5554,965.447,3398227,
CI005469.WI,激光加工设备(中信),2020-11-02,965.6865,986.1048,926.8168,930.3886,4647115,
CI005469.WI,激光加工设备(中信),2020-11-03,930.2689,981.193,930.2689,974.2572,3338295,
CI005469.WI,激光加工设备(中信),2020-11-04,979.286,991.7634,967.7733,984.6693,2760205,
CI005469.WI,激光加工设备(中信),2020-11-05,1014.9694,1014.9694,988.7044,997.6622,2796993,
CI005469.WI,激光加工设备(中信),2020-11-06,1004.8395,1016.0761,987.3691,1005.8331,3484617,
CI005469.WI,激光加工设备(中信),2020-11-09,999.1077,1042.929,987.34,1042.929,5291156,
CI005469.WI,激光加工设备(中信),2020-11-10,1031.9067,1036.3166,1020.2675,1024.3771,3046468,
CI005469.WI,激光加工设备(中信),2020-11-11,1030.4274,1030.4274,998.173,1006.3582,2464405,
CI005469.WI,激光加工设备(中信),2020-11-12,1011.7104,1022.6643,997.8746,1002.6707,2286584,
CI005469.WI,激光加工设备(中信),2020-11-13,997.7616,1017.3641,992.3688,1004.0737,2659874,
CI005469.WI,激光加工设备(中信),2020-11-16,1009.2222,1014.8004,989.2403,992.5319,2488449,
CI005469.WI,激光加工设备(中信),2020-11-17,993.5216,993.6095,962.8149,970.8371,1997152,
CI005469.WI,激光加工设备(中信),2020-11-18,971.0698,980.3143,964.132,975.4323,1690652,
CI005469.WI,激光加工设备(中信),2020-11-19,978.6902,1003.3588,976.0222,991.8549,3901716,
CI005469.WI,激光加工设备(中信),2020-11-20,988.3576,998.1399,983.7421,996.3845,2051690,
CI005469.WI,激光加工设备(中信),2020-11-23,997.8348,997.8348,983.9613,994.9775,2633534,
CI005469.WI,激光加工设备(中信),2020-11-24,994.0737,1002.1615,989.6571,998.6892,1793278,
CI005469.WI,激光加工设备(中信),2020-11-25,1008.0312,1012.8611,981.4516,981.4516,1989620,
CI005469.WI,激光加工设备(中信),2020-11-26,979.6556,986.4804,977.3556,977.9543,1127369,
CI005469.WI,激光加工设备(中信),2020-11-27,976.1583,977.8616,957.1179,961.9931,1547044,
CI005469.WI,激光加工设备(中信),2020-11-30,879.6157,979.8199,879.6157,973.1351,1604444,
CI005469.WI,激光加工设备(中信),2020-12-01,979.6508,988.5131,970.6477,985.6936,1691017,
CI005469.WI,激光加工设备(中信),2020-12-02,993.0495,999.2621,979.6866,986.4844,1695654,
CI005469.WI,激光加工设备(中信),2020-12-03,982.567,990.0987,973.5349,983.1088,1603074,
CI005469.WI,激光加工设备(中信),2020-12-04,983.1088,998.6268,979.3971,992.8323,1501354,
CI005469.WI,激光加工设备(中信),2020-12-07,995.62,999.3433,982.5054,984.9792,1574943,
CI005469.WI,激光加工设备(中信),2020-12-08,984.9792,990.0621,976.403,976.9746,1340945,
CI005469.WI,激光加工设备(中信),2020-12-09,971.157,983.5647,953.5764,955.4381,1711711,
CI005469.WI,激光加工设备(中信),2020-12-10,955.6776,968.9274,942.6151,955.2257,1517766,
CI005469.WI,激光加工设备(中信),2020-12-11,957.32,959.6471,910.6454,923.848,2815118,
CI005469.WI,激光加工设备(中信),2020-12-14,919.6593,937.0255,915.6472,930.6728,978919,
CI005469.WI,激光加工设备(中信),2020-12-15,895.9998,935.6833,895.9998,930.5754,929692,
CI005469.WI,激光加工设备(中信),2020-12-16,935.0055,935.0055,899.7212,904.8427,2193340,
CI005469.WI,激光加工设备(中信),2020-12-17,904.1446,914.0419,876.6862,907.9422,2665928,
CI005469.WI,激光加工设备(中信),2020-12-18,904.6843,909.4967,874.7414,880.9473,2195771,
CI005469.WI,激光加工设备(中信),2020-12-21,880.9473,895.8086,870.7178,894.0802,1957072,
CI005469.WI,激光加工设备(中信),2020-12-22,890.5896,906.7823,875.1853,876.2359,5143059,
CI005469.WI,激光加工设备(中信),2020-12-23,887.9853,887.9853,848.2405,857.7536,2774079,
CI005469.WI,激光加工设备(中信),2020-12-24,862.4077,862.4077,833.2615,835.2564,2137497,
CI005469.WI,激光加工设备(中信),2020-12-25,833.9461,852.1957,830.2228,849.3694,1660923,
CI005469.WI,激光加工设备(中信),2020-12-28,847.7405,848.8972,801.0929,807.6715,2776960,
CI005469.WI,激光加工设备(中信),2020-12-29,807.6715,836.1593,801.5265,809.4723,2407904,
CI005469.WI,激光加工设备(中信),2020-12-30,806.479,842.2598,799.3037,834.9175,2588184,
CI005469.WI,激光加工设备(中信),2020-12-31,836.081,883.5978,836.081,878.23,3387486,
CI005469.WI,激光加工设备(中信),2021-01-04,881.1036,895.8694,871.2333,887.9081,2358013,
CI005469.WI,激光加工设备(中信),2021-01-05,875.2008,916.6199,874.5027,909.5353,3751243,
CI005469.WI,激光加工设备(中信),2021-01-06,901.8202,915.8291,880.7937,883.0686,2165289,
CI005469.WI,激光加工设备(中信),2021-01-07,883.0686,883.0686,825.4684,830.9221,3781294,
CI005469.WI,激光加工设备(中信),2021-01-08,830.9221,849.1399,812.6745,834.7739,1691371,
CI005469.WI,激光加工设备(中信),2021-01-11,834.3085,834.9139,801.1956,802.9713,2126500,
CI005469.WI,激光加工设备(中信),2021-01-12,801.8078,824.2548,798.2496,802.8516,1488539,
CI005469.WI,激光加工设备(中信),2021-01-13,704.9095,809.4369,704.9095,776.4506,2189717,
CI005469.WI,激光加工设备(中信),2021-01-14,776.2179,837.5839,772.2667,822.8539,2923913,
CI005469.WI,激光加工设备(中信),2021-01-15,825.8791,846.6431,820.579,838.5668,2683308,
CI005469.WI,激光加工设备(中信),2021-01-18,859.9991,859.9991,832.275,841.8943,1830299,
CI005469.WI,激光加工设备(中信),2021-01-19,852.3139,860.1757,840.5434,847.6984,2023322,
CI005469.WI,激光加工设备(中信),2021-01-20,851.5299,856.6378,835.2143,855.5805,1494729,
CI005469.WI,激光加工设备(中信),2021-01-21,864.0816,864.0816,842.3374,852.0115,2146570,
CI005469.WI,激光加工设备(中信),2021-01-22,849.6033,858.4163,825.6761,828.9948,1622845,
CI005469.WI,激光加工设备(中信),2021-01-25,828.9948,832.8263,799.0085,799.4739,1880134,
CI005469.WI,激光加工设备(中信),2021-01-26,799.4739,814.5313,792.5043,792.5043,1343395,
CI005469.WI,激光加工设备(中信),2021-01-27,792.5043,799.2094,782.5143,793.7557,1526938,
CI005469.WI,激光加工设备(中信),2021-01-28,792.8249,813.3339,785.1281,785.1281,1479641,
CI005469.WI,激光加工设备(中信),2021-01-29,803.4298,818.5831,791.6816,809.5239,2917416,
CI005469.WI,激光加工设备(中信),2021-02-01,810.1226,821.8863,798.8453,811.341,2089895,
CI005469.WI,激光加工设备(中信),2021-02-02,811.341,827.7783,803.4676,811.3951,1581050,
CI005469.WI,激光加工设备(中信),2021-02-03,750.1938,817.1037,750.1938,791.0309,1835781,
CI005469.WI,激光加工设备(中信),2021-02-04,790.7914,793.918,753.3411,763.3446,1739023,
CI005469.WI,激光加工设备(中信),2021-02-05,763.3446,779.301,747.2184,747.3787,1744343,
CI005469.WI,激光加工设备(中信),2021-02-08,747.6182,756.6185,728.6887,730.2453,1525896,
CI005469.WI,激光加工设备(中信),2021-02-09,730.2453,742.8153,728.429,739.7496,1243677,
CI005469.WI,激光加工设备(中信),2021-02-10,739.7496,752.2365,734.3886,741.1776,1239783,
CI005469.WI,激光加工设备(中信),2021-02-18,742.3749,773.0072,742.3749,765.1589,1867721,
CI005469.WI,激光加工设备(中信),2021-02-19,768.1522,801.4071,760.8485,798.1338,1809561,
CI005469.WI,激光加工设备(中信),2021-02-22,801.0866,836.1605,800.4135,809.658,2968722,
CI005469.WI,激光加工设备(中信),2021-02-23,804.4979,815.2787,793.0827,798.5295,1607544,
CI005469.WI,激光加工设备(中信),2021-02-24,808.7617,829.011,798.9368,810.549,3381732,
CI005469.WI,激光加工设备(中信),2021-02-25,814.3669,816.721,788.9488,793.1984,1715225,
CI005469.WI,激光加工设备(中信),2021-02-26,787.2185,801.1732,780.4701,796.3906,1368148,
CI005469.WI,激光加工设备(中信),2021-03-01,789.0869,821.1532,789.0869,814.6943,1634902,
CI005469.WI,激光加工设备(中信),2021-03-02,811.1023,821.6186,803.7532,821.6186,1762965,
CI005469.WI,激光加工设备(中信),2021-03-03,817.6471,832.8155,817.3082,832.8155,2174788,
CI005469.WI,激光加工设备(中信),2021-03-04,832.8155,864.8237,818.3162,843.9284,3552123,
CI005469.WI,激光加工设备(中信),2021-03-05,838.0432,869.3032,836.2472,854.3452,2442366,
CI005469.WI,激光加工设备(中信),2021-03-08,852.7298,860.0837,843.0922,843.7904,1585080,
CI005469.WI,激光加工设备(中信),2021-03-09,843.9101,843.9101,807.1531,815.0921,2246635,
CI005469.WI,激光加工设备(中信),2021-03-10,815.0921,829.8018,805.0094,816.2529,1486263,
CI005469.WI,激光加工设备(中信),2021-03-11,815.6542,822.7639,802.106,822.2984,1522858,
CI005469.WI,激光加工设备(中信),2021-03-12,814.8749,823.2948,811.5427,811.5427,850326,
CI005469.WI,激光加工设备(中信),2021-03-15,812.0551,820.3698,809.2914,814.1226,906977,
CI005469.WI,激光加工设备(中信),2021-03-16,814.1226,819.8268,806.3579,818.0712,1255111,
CI005469.WI,激光加工设备(中信),2021-03-17,795.1432,825.2527,795.1432,813.3821,1242088,
CI005469.WI,激光加工设备(中信),2021-03-18,812.5523,816.6707,795.4496,804.5705,2129573,
CI005469.WI,激光加工设备(中信),2021-03-19,802.1368,814.9291,798.9456,810.5435,1675386,
CI005469.WI,激光加工设备(中信),2021-03-22,808.8241,818.3027,802.9777,804.0818,1551910,
CI005469.WI,激光加工设备(中信),2021-03-23,797.5223,807.8646,779.1615,780.6782,1803717,
CI005469.WI,激光加工设备(中信),2021-03-24,780.6782,783.2347,764.5228,766.1521,1432197,
CI005469.WI,激光加工设备(中信),2021-03-25,710.9686,803.1601,710.9686,752.9272,1496685,
CI005469.WI,激光加工设备(中信),2021-03-26,663.7443,760.7562,663.7443,751.37,1182518,
CI005469.WI,激光加工设备(中信),2021-03-29,751.37,759.5992,731.5087,731.88,1842581,
CI005469.WI,激光加工设备(中信),2021-03-30,734.6231,734.6231,705.2072,707.3337,2045347,
CI005469.WI,激光加工设备(中信),2021-03-31,715.0023,738.7137,713.3825,722.6063,2172746,
CI005469.WI,激光加工设备(中信),2021-04-01,725.8264,726.8392,714.2847,718.0877,1418648,
CI005469.WI,激光加工设备(中信),2021-04-02,719.2803,737.1209,716.8095,734.02,1633651,
CI005469.WI,激光加工设备(中信),2021-04-06,740.6988,757.8123,736.3197,749.2522,1938121,
CI005469.WI,激光加工设备(中信),2021-04-07,749.2522,753.3072,744.3556,745.6608,1520629,
CI005469.WI,激光加工设备(中信),2021-04-08,745.8926,747.9336,733.0073,733.9547,1348941,
CI005469.WI,激光加工设备(中信),2021-04-09,736.5785,743.4218,732.7755,736.9498,909791,
CI005469.WI,激光加工设备(中信),2021-04-12,736.9498,739.9314,718.5938,722.0053,1288801,
CI005469.WI,激光加工设备(中信),2021-04-13,725.464,725.464,717.1626,719.62,827251,
CI005469.WI,激光加工设备(中信),2021-04-14,724.3906,729.9286,717.858,727.7954,983195,
CI005469.WI,激光加工设备(中信),2021-04-15,720.7992,735.0598,719.8923,732.8814,1242627,
CI005469.WI,激光加工设备(中信),2021-04-16,733.4777,746.264,731.4772,745.8206,1113732,
CI005469.WI,激光加工设备(中信),2021-04-19,744.7472,794.1964,744.7472,782.9221,4323668,
CI005469.WI,激光加工设备(中信),2021-04-20,773.2502,822.5816,773.2502,793.52,7286117,
CI005469.WI,激光加工设备(中信),2021-04-21,777.5647,796.9248,776.5318,786.9422,3428915,
CI005469.WI,激光加工设备(中信),2021-04-22,792.0551,802.5397,784.4376,786.2468,2121254,
CI005469.WI,激光加工设备(中信),2021-04-23,782.4708,788.7514,772.5064,783.7038,1631192,
CI005469.WI,激光加工设备(中信),2021-04-26,792.3071,800.1651,784.001,791.2222,1941794,
CI005469.WI,激光加工设备(中信),2021-04-27,791.2222,793.4997,777.2096,785.1128,1789750,
CI005469.WI,激光加工设备(中信),2021-04-28,787.8943,794.4344,774.1559,789.461,3294706,
CI005469.WI,激光加工设备(中信),2021-04-29,789.461,805.7483,784.9896,790.2614,2850292,
CI005469.WI,激光加工设备(中信),2021-04-30,783.1254,786.5431,765.8507,768.1166,4000416,
CI005469.WI,激光加工设备(中信),2021-05-06,769.5312,799.5999,769.5312,785.7782,2508498,
CI005469.WI,激光加工设备(中信),2021-05-07,783.9778,789.8334,765.5794,768.2074,2056088,
CI005469.WI,激光加工设备(中信),2021-05-10,768.2074,773.9525,761.1889,767.5225,1307153,
CI005469.WI,激光加工设备(中信),2021-05-11,765.9793,768.1292,752.2847,761.5998,1492782,
CI005469.WI,激光加工设备(中信),2021-05-12,762.1157,763.9216,755.6101,761.4404,1384403,
CI005469.WI,激光加工设备(中信),2021-05-13,754.0235,770.4298,752.9947,758.003,1860253,
CI005469.WI,激光加工设备(中信),2021-05-14,755.431,773.9398,755.431,769.8483,2016376,
CI005469.WI,激光加工设备(中信),2021-05-17,769.8483,773.4925,761.917,769.2613,1684040,
CI005469.WI,激光加工设备(中信),2021-05-18,769.3899,780.7556,764.2262,780.3391,2137636,
CI005469.WI,激光加工设备(中信),2021-05-19,779.4389,781.2463,769.8161,778.8978,2010027,
CI005469.WI,激光加工设备(中信),2021-05-20,781.4698,789.5631,770.8379,777.4802,3711726,
CI005469.WI,激光加工设备(中信),2021-05-21,778.2518,801.8779,773.9465,790.5541,3216936,
CI005469.WI,激光加工设备(中信),2021-05-24,783.3217,801.4069,783.3217,796.8136,2412481,
CI005469.WI,激光加工设备(中信),2021-05-25,806.8444,830.7459,789.2317,828.48,3434020,
CI005469.WI,激光加工设备(中信),2021-05-26,829.8946,846.5274,820.2818,821.1024,4073873,
CI005469.WI,激光加工设备(中信),2021-05-27,820.2022,859.3597,816.3442,855.8693,3886501,
CI005469.WI,激光加工设备(中信),2021-05-28,857.7983,859.4757,834.0855,838.6046,2636774,
CI005469.WI,激光加工设备(中信),2021-05-31,838.7332,885.1597,834.4405,870.2366,6600365,
CI005469.WI,激光加工设备(中信),2021-06-01,872.5403,913.543,868.5648,884.4623,8068842,
CI005469.WI,激光加工设备(中信),2021-06-02,888.4867,889.5281,867.3474,871.5241,5463680,
CI005469.WI,激光加工设备(中信),2021-06-03,870.8322,895.4538,863.3022,866.6151,7459234,
CI005469.WI,激光加工设备(中信),2021-06-04,864.3926,874.7658,852.6799,854.6341,3614628,
CI005469.WI,激光加工设备(中信),2021-06-07,863.4545,878.47,854.2624,871.4433,5554817,
CI005469.WI,激光加工设备(中信),2021-06-08,869.5395,870.5809,850.8169,857.4133,3286142,
CI005469.WI,激光加工设备(中信),2021-06-09,852.774,898.6108,845.5137,888.4199,10158478,
CI005469.WI,激光加工设备(中信),2021-06-10,877.2026,930.9276,876.7513,924.3945,6377131,
CI005469.WI,激光加工设备(中信),2021-06-11,923.6268,928.297,886.9321,886.9321,6229903,
CI005469.WI,激光加工设备(中信),2021-06-15,886.3661,916.0502,883.9681,897.7673,5143867,
CI005469.WI,激光加工设备(中信),2021-06-16,786.2562,903.142,786.2562,857.5496,6664596,
CI005469.WI,激光加工设备(中信),2021-06-17,857.5496,863.9259,831.8913,851.3887,4461002,
CI005469.WI,激光加工设备(中信),2021-06-18,849.1979,867.0114,845.35,862.648,3793130,
CI005469.WI,激光加工设备(中信),2021-06-21,859.1796,924.522,856.6078,903.3827,7329878,
CI005469.WI,激光加工设备(中信),2021-06-22,902.1532,925.8235,874.6598,909.5195,16962685,
CI005469.WI,激光加工设备(中信),2021-06-23,915.281,923.3968,903.8475,919.1207,8329639,
CI005469.WI,激光加工设备(中信),2021-06-24,910.5792,943.2749,903.8338,940.5644,8863980,
CI005469.WI,激光加工设备(中信),2021-06-25,942.7842,965.3595,924.5784,956.9085,20339403,
CI005469.WI,激光加工设备(中信),2021-06-28,950.7712,979.7158,950.6122,975.6158,12842812,
CI005469.WI,激光加工设备(中信),2021-06-29,971.8989,977.8953,943.5968,947.6787,6012708,
CI005469.WI,激光加工设备(中信),2021-06-30,937.2996,1000.6042,937.2996,992.2335,9115662,
CI005469.WI,激光加工设备(中信),2021-07-01,991.6605,1009.6459,965.792,971.0686,10939904,
CI005469.WI,激光加工设备(中信),2021-07-02,970.7392,982.1349,934.23,946.3345,6365780,
CI005469.WI,激光加工设备(中信),2021-07-05,952.012,960.941,924.9019,950.5502,9002739,
CI005469.WI,激光加工设备(中信),2021-07-06,956.1208,987.8564,947.7609,960.5733,10273024,
CI005469.WI,激光加工设备(中信),2021-07-07,931.0632,1000.7707,931.0632,992.8285,18975701,
CI005469.WI,激光加工设备(中信),2021-07-08,996.8114,1056.7796,989.003,1049.4148,16389275,
CI005469.WI,激光加工设备(中信),2021-07-09,1051.7094,1051.7094,1017.9424,1028.3107,12259368,
CI005469.WI,激光加工设备(中信),2021-07-12,1045.5648,1127.7954,1045.5648,1095.804,23954267,
CI005469.WI,激光加工设备(中信),2021-07-13,1099.8991,1151.6232,1099.7516,1109.6213,14342737,
CI005469.WI,激光加工设备(中信),2021-07-14,1104.8688,1132.2921,1086.2603,1088.0073,10565308,
CI005469.WI,激光加工设备(中信),2021-07-15,1089.1696,1107.1658,1063.7855,1085.4028,7891925,
CI005469.WI,激光加工设备(中信),2021-07-16,1083.816,1104.4648,1051.052,1055.1888,10667443,
CI005469.WI,激光加工设备(中信),2021-07-19,1060.2805,1066.107,1046.073,1048.9588,10717957,
CI005469.WI,激光加工设备(中信),2021-07-20,1053.2828,1059.2491,1030.2209,1050.3093,7987237,
CI005469.WI,激光加工设备(中信),2021-07-21,1054.0922,1097.4553,1042.7734,1079.5459,13248421,
CI005469.WI,激光加工设备(中信),2021-07-22,1090.9043,1153.678,1090.8906,1148.3769,14561214,
CI005469.WI,激光加工设备(中信),2021-07-23,1146.0009,1166.804,1124.0556,1158.7098,15519094,
CI005469.WI,激光加工设备(中信),2021-07-26,1155.9299,1196.044,1144.2533,1184.6429,15796682,
CI005469.WI,激光加工设备(中信),2021-07-27,1184.0409,1231.5502,1159.4829,1162.2383,15283171,
CI005469.WI,激光加工设备(中信),2021-07-28,1156.3642,1210.8554,1139.9087,1155.2735,16494577,
CI005469.WI,激光加工设备(中信),2021-07-29,1169.7271,1312.2216,1169.7271,1294.9494,15455433,
CI005469.WI,激光加工设备(中信),2021-07-30,1272.7663,1376.2511,1272.7663,1350.1406,16585188,
CI005469.WI,激光加工设备(中信),2021-08-02,1396.5156,1565.4918,1396.5156,1539.2871,22805303,
CI005469.WI,激光加工设备(中信),2021-08-03,1504.6961,1504.9902,1356.4829,1438.6832,30243905,
CI005469.WI,激光加工设备(中信),2021-08-04,1415.6021,1624.7816,1405.8412,1611.8795,18872912,
CI005469.WI,激光加工设备(中信),2021-08-05,1652.426,1652.426,1556.3049,1590.5891,11731550,
CI005469.WI,激光加工设备(中信),2021-08-06,1637.7489,1641.8911,1545.2455,1568.1158,10630947,
CI005469.WI,激光加工设备(中信),2021-08-09,1575.4066,1575.4066,1509.353,1561.9035,10854205,
CI005469.WI,激光加工设备(中信),2021-08-10,1582.7959,1684.6381,1551.5961,1595.2553,12474810,
CI005469.WI,激光加工设备(中信),2021-08-11,1592.4518,1644.4523,1553.8524,1628.0208,10451387,
CI005469.WI,激光加工设备(中信),2021-08-12,1621.2335,1745.2499,1591.4954,1734.7474,8634462,
CI005469.WI,激光加工设备(中信),2021-08-13,1800.6926,1800.6926,1666.9399,1673.0752,15160753,
CI005469.WI,激光加工设备(中信),2021-08-16,1641.3151,1671.9032,1556.8339,1576.2199,12407510,
CI005469.WI,激光加工设备(中信),2021-08-17,1553.9398,1600.0765,1485.5562,1494.8627,8197349,
CI005469.WI,激光加工设备(中信),2021-08-18,1511.3531,1547.1647,1439.7984,1446.9299,8123907,
CI005469.WI,激光加工设备(中信),2021-08-19,1457.5771,1510.3697,1445.5465,1480.6542,8038404,
CI005469.WI,激光加工设备(中信),2021-08-20,1492.6058,1498.1637,1419.7967,1431.7302,6666372,
CI005469.WI,激光加工设备(中信),2021-08-23,1451.172,1540.4107,1451.172,1532.1498,8878391,
CI005469.WI,激光加工设备(中信),2021-08-24,1515.0248,1579.0151,1489.174,1547.6006,7033105,
CI005469.WI,激光加工设备(中信),2021-08-25,1511.6124,1557.6111,1442.7358,1536.1655,10732931,
CI005469.WI,激光加工设备(中信),2021-08-26,1511.6319,1537.2279,1485.4564,1489.3209,6125952,
CI005469.WI,激光加工设备(中信),2021-08-27,1422.4308,1572.4316,1422.4308,1563.2405,6175663,
CI005469.WI,激光加工设备(中信),2021-08-30,1564.594,1684.1394,1540.4227,1641.5562,9986860,
CI005469.WI,激光加工设备(中信),2021-08-31,1596.3566,1633.8015,1567.248,1585.2935,7312158,
CI005469.WI,激光加工设备(中信),2021-09-01,1624.0336,1624.0336,1433.2381,1511.048,8905601,
CI005469.WI,激光加工设备(中信),2021-09-02,1488.6823,1557.4365,1479.0152,1521.7136,5355529,
CI005469.WI,激光加工设备(中信),2021-09-03,1478.5125,1610.6064,1478.5125,1527.5984,8199535,
CI005469.WI,激光加工设备(中信),2021-09-06,1562.2197,1569.4022,1436.6949,1537.4495,6885284,
CI005469.WI,激光加工设备(中信),2021-09-07,1540.3822,1566.0428,1499.982,1537.5114,5544921,
CI005469.WI,激光加工设备(中信),2021-09-08,1519.525,1566.1763,1419.3248,1441.5747,10419415,
CI005469.WI,激光加工设备(中信),2021-09-09,1428.6129,1460.8973,1411.4228,1428.4423,7195275,
CI005469.WI,激光加工设备(中信),2021-09-10,1430.0215,1430.0215,1285.7431,1402.3202,14508796,
CI005469.WI,激光加工设备(中信),2021-09-13,1405.8259,1405.8259,1292.3267,1383.9715,10613771,
CI005469.WI,激光加工设备(中信),2021-09-14,1381.207,1488.546,1362.1906,1382.899,10192406,
CI005469.WI,激光加工设备(中信),2021-09-15,1388.3962,1452.7683,1349.946,1450.7121,6156749,
CI005469.WI,激光加工设备(中信),2021-09-16,1406.005,1499.0037,1386.0562,1390.6493,8809895,
CI005469.WI,激光加工设备(中信),2021-09-17,1457.7252,1457.7252,1232.5279,1367.3799,9997754,
CI005469.WI,激光加工设备(中信),2021-09-22,1327.8686,1334.2912,1266.8133,1322.2047,9167250,
CI005469.WI,激光加工设备(中信),2021-09-23,1314.061,1357.3814,1265.4062,1301.3825,5591678,
CI005469.WI,激光加工设备(中信),2021-09-24,1313.1966,1352.7427,1277.1845,1304.5424,4691233,
CI005469.WI,激光加工设备(中信),2021-09-27,1265.9942,1352.7525,1261.7638,1276.7718,5505887,
CI005469.WI,激光加工设备(中信),2021-09-28,1271.3996,1314.1997,1241.6723,1251.653,4042373,
CI005469.WI,激光加工设备(中信),2021-09-29,1247.808,1261.3258,1207.9449,1217.2059,5245927,
CI005469.WI,激光加工设备(中信),2021-09-30,1239.4795,1314.4642,1212.4024,1298.8912,3694529,
CI005469.WI,激光加工设备(中信),2021-10-08,1307.2153,1313.6377,1254.6065,1280.5369,5678940,
CI005469.WI,激光加工设备(中信),2021-10-11,1298.4909,1308.6464,1256.8778,1284.9433,6654811,
CI005469.WI,激光加工设备(中信),2021-10-12,1281.29,1295.2594,1222.4149,1230.4523,7658600,
CI005469.WI,激光加工设备(中信),2021-10-13,1246.6215,1319.3966,1236.4183,1292.4152,6833300,
CI005469.WI,激光加工设备(中信),2021-10-14,1275.282,1343.5325,1275.282,1310.3772,7885000,
CI005469.WI,激光加工设备(中信),2021-10-15,1298.1533,1394.433,1298.1533,1389.9546,12851400,
CI005469.WI,激光加工设备(中信),2021-10-18,1411.7501,1489.5347,1405.1053,1464.7186,12971300,
CI005469.WI,激光加工设备(中信),2021-10-19,1464.2808,1511.9613,1448.9755,1474.4429,9305600,
CI005469.WI,激光加工设备(中信),2021-10-20,1489.7482,1513.275,1448.922,1474.2858,11784800,
CI005469.WI,激光加工设备(中信),2021-10-21,1461.9797,1516.21,1425.5576,1469.705,9495600,
CI005469.WI,激光加工设备(中信),2021-10-22,1466.6738,1466.6738,1395.4336,1416.4589,9657500,
CI005469.WI,激光加工设备(中信),2021-10-25,1409.8994,1450.8617,1389.7368,1423.6906,9726800,
CI005469.WI,激光加工设备(中信),2021-10-26,1438.0066,1459.5524,1424.724,1432.1373,7733800,
CI005469.WI,激光加工设备(中信),2021-10-27,1440.5516,1462.0602,1414.7494,1448.4904,7359200,
CI005469.WI,激光加工设备(中信),2021-10-28,1462.2612,1462.2612,1389.1705,1421.3718,7723800,
CI005469.WI,激光加工设备(中信),2021-10-29,1441.7806,1485.7483,1423.8479,1472.4283,9151400,
CI005469.WI,激光加工设备(中信),2021-11-01,1543.5045,1644.7739,1541.5171,1594.2292,20007300,
CI005469.WI,激光加工设备(中信),2021-11-02,1620.9746,1669.9325,1590.3882,1620.8154,12104300,
CI005469.WI,激光加工设备(中信),2021-11-03,1635.1022,1644.3877,1562.3777,1616.0879,11053500,
CI005469.WI,激光加工设备(中信),2021-11-04,1602.8186,1714.3644,1602.8186,1675.9752,10954900,
CI005469.WI,激光加工设备(中信),2021-11-05,1679.9989,1728.7769,1640.2809,1650.2323,10646100,
CI005469.WI,激光加工设备(中信),2021-11-08,1683.1356,1802.2252,1683.1356,1796.8995,13901200,
CI005469.WI,激光加工设备(中信),2021-11-09,1829.4167,1835.097,1780.7161,1794.8386,10678100,
CI005469.WI,激光加工设备(中信),2021-11-10,1767.0613,1831.1753,1752.0612,1789.3124,10962500,
CI005469.WI,激光加工设备(中信),2021-11-11,1772.2216,1852.4941,1758.5302,1825.5958,9325900,
CI005469.WI,激光加工设备(中信),2021-11-12,1808.2439,1913.954,1800.0594,1899.8829,11321500,
CI005469.WI,激光加工设备(中信),2021-11-15,1914.1864,1944.6602,1799.8529,1827.062,12224100,
CI005469.WI,激光加工设备(中信),2021-11-16,1811.5309,1835.3848,1721.5836,1726.8949,13408700,
CI005469.WI,激光加工设备(中信),2021-11-17,1713.7008,1807.1681,1709.5015,1742.6755,10657000,
CI005469.WI,激光加工设备(中信),2021-11-18,1769.9121,1801.6094,1710.5579,1761.955,10391200,
CI005469.WI,激光加工设备(中信),2021-11-19,1775.0443,1777.7932,1698.8702,1739.6437,11520000,
CI005469.WI,激光加工设备(中信),2021-11-22,1770.3206,1861.396,1743.9507,1845.0819,12225900,
CI005469.WI,激光加工设备(中信),2021-11-23,1873.9851,1877.5964,1783.0687,1838.2756,13214300,
CI005469.WI,激光加工设备(中信),2021-11-24,1834.2241,1976.2477,1831.8071,1909.321,15637500,
CI005469.WI,激光加工设备(中信),2021-11-25,1883.954,1911.5803,1838.5483,1864.645,10194000,
CI005469.WI,激光加工设备(中信),2021-11-26,1819.1514,1967.4858,1819.1514,1922.101,9782700,
CI005469.WI,激光加工设备(中信),2021-11-29,1887.2832,1983.4122,1870.0514,1966.6776,10563800,
CI005469.WI,激光加工设备(中信),2021-11-30,1969.948,1982.7119,1873.0881,1893.0024,10415400,
CI005469.WI,激光加工设备(中信),2021-12-01,1905.3503,1976.72,1880.4709,1910.41,10608700,
CI005469.WI,激光加工设备(中信),2021-12-02,1910.0488,1947.0764,1858.991,1865.5637,7319600,
CI005469.WI,激光加工设备(中信),2021-12-03,1889.1914,1954.3424,1874.0806,1930.3333,9654900,
CI005469.WI,激光加工设备(中信),2021-12-06,1920.3458,1952.7258,1846.0938,1881.0485,11167500,
CI005469.WI,激光加工设备(中信),2021-12-07,1873.9938,1888.3297,1765.2,1799.8544,16429900,
CI005469.WI,激光加工设备(中信),2021-12-08,1779.9844,1872.5116,1779.9844,1860.0065,8851400,
CI005469.WI,激光加工设备(中信),2021-12-09,1865.4762,1884.9271,1815.5544,1825.9698,6950900,
CI005469.WI,激光加工设备(中信),2021-12-10,1814.3013,1934.583,1814.3013,1933.8528,8478900,
CI005469.WI,激光加工设备(中信),2021-12-13,1973.583,1977.1398,1881.1864,1913.0891,10275500,
CI005469.WI,激光加工设备(中信),2021-12-14,1918.9257,2064.0381,1901.4191,2043.385,11353000,
CI005469.WI,激光加工设备(中信),2021-12-15,2049.9978,2111.4922,2007.1626,2057.5432,9314200,
CI005469.WI,激光加工设备(中信),2021-12-16,2044.3639,2070.8381,2007.8258,2040.3761,5892600,
CI005469.WI,激光加工设备(中信),2021-12-17,2032.2937,2040.4167,1951.941,1966.1273,7226300,
CI005469.WI,激光加工设备(中信),2021-12-20,1968.2505,1993.9993,1894.9171,1946.8268,7415200,
CI005469.WI,激光加工设备(中信),2021-12-21,1905.5983,2014.5236,1905.5983,2008.9963,5834800,
CI005469.WI,激光加工设备(中信),2021-12-22,2008.6804,2049.3079,1984.808,2008.7809,6306000,
CI005469.WI,激光加工设备(中信),2021-12-23,1996.4573,2120.6956,1988.0361,2066.5295,7199200,
CI005469.WI,激光加工设备(中信),2021-12-24,2076.927,2076.927,1915.1533,1965.1259,9361000,
CI005469.WI,激光加工设备(中信),2021-12-27,1939.5968,1957.5815,1895.1455,1929.335,7044700,
CI005469.WI,激光加工设备(中信),2021-12-28,1930.1781,1951.8329,1870.088,1916.9802,6511900,
CI005469.WI,激光加工设备(中信),2021-12-29,1921.1299,1931.974,1866.6324,1916.9767,6349600,
CI005469.WI,激光加工设备(中信),2021-12-30,1895.165,1994.2408,1892.0737,1921.9028,6883200,
CI005469.WI,激光加工设备(中信),2021-12-31,1941.4655,2050.75,1926.3613,1972.6239,9544900,
CI005469.WI,激光加工设备(中信),2022-01-04,1998.7389,2023.5192,1827.1636,1845.2848,11354400,
CI005469.WI,激光加工设备(中信),2022-01-05,1809.5961,1841.6932,1714.9144,1753.9858,20718300,
CI005469.WI,激光加工设备(中信),2022-01-06,1711.8921,1825.449,1711.615,1782.463,13675400,
CI005469.WI,激光加工设备(中信),2022-01-07,1756.3245,1820.2576,1666.193,1697.947,14676400,
CI005469.WI,激光加工设备(中信),2022-01-10,1689.2441,1759.6733,1648.4967,1724.3353,12983700,
CI005469.WI,激光加工设备(中信),2022-01-11,1765.6675,1765.6675,1660.6196,1672.6788,8972000,
CI005469.WI,激光加工设备(中信),2022-01-12,1681.1093,1745.2084,1661.7955,1741.4426,8256200,
CI005469.WI,激光加工设备(中信),2022-01-13,1730.9321,1742.6494,1646.3014,1661.541,9115700,
CI005469.WI,激光加工设备(中信),2022-01-14,1647.5839,1773.7341,1645.9196,1740.1023,9271500,
CI005469.WI,激光加工设备(中信),2022-01-17,1760.5161,1832.9479,1717.5875,1802.1866,9156300,
CI005469.WI,激光加工设备(中信),2022-01-18,1794.6788,1875.6942,1781.0005,1842.937,6808800,
CI005469.WI,激光加工设备(中信),2022-01-19,1820.8551,1853.172,1779.3617,1793.0942,6265200,
CI005469.WI,激光加工设备(中信),2022-01-20,1768.5347,1798.4003,1708.1907,1736.2061,7631800,
CI005469.WI,激光加工设备(中信),2022-01-21,1734.0503,1745.5023,1688.8033,1720.6609,6017200,
CI005469.WI,激光加工设备(中信),2022-01-24,1688.8011,1746.1849,1664.3744,1713.3727,6052100,
CI005469.WI,激光加工设备(中信),2022-01-25,1713.3959,1741.197,1645.0688,1645.0688,6566800,
CI005469.WI,激光加工设备(中信),2022-01-26,1661.4752,1662.9741,1606.0472,1639.7283,5164300,
CI005469.WI,激光加工设备(中信),2022-01-27,1652.1437,1713.6702,1607.038,1619.705,6669300,
CI005469.WI,激光加工设备(中信),2022-01-28,1599.5963,1632.6348,1545.734,1583.5398,8225500,
CI005469.WI,激光加工设备(中信),2022-02-07,1591.6559,1625.1489,1562.4521,1583.3162,5042700,
CI005469.WI,激光加工设备(中信),2022-02-08,1587.9614,1587.9614,1425.0298,1471.6414,11698600,
CI005469.WI,激光加工设备(中信),2022-02-09,1465.4318,1492.0353,1390.9614,1417.484,15846700,
CI005469.WI,激光加工设备(中信),2022-02-10,1406.619,1420.1294,1300.5583,1322.5769,19369500,
CI005469.WI,激光加工设备(中信),2022-02-11,1322.6753,1324.0848,1273.5654,1285.3413,12104300,
CI005469.WI,激光加工设备(中信),2022-02-14,1280.4193,1320.7502,1252.0121,1282.4606,7315500,
CI005469.WI,激光加工设备(中信),2022-02-15,1280.6884,1358.4294,1280.6884,1350.9514,10954500,
CI005469.WI,激光加工设备(中信),2022-02-16,1372.5643,1412.2528,1364.2567,1387.7832,9991300,
CI005469.WI,激光加工设备(中信),2022-02-17,1391.5909,1461.1542,1379.1145,1433.2559,9280800,
CI005469.WI,激光加工设备(中信),2022-02-18,1440.918,1444.2777,1392.792,1425.0587,5083000,
CI005469.WI,激光加工设备(中信),2022-02-21,1405.1422,1435.8164,1382.3884,1415.1272,6695200,
CI005469.WI,激光加工设备(中信),2022-02-22,1416.1836,1416.1836,1345.6228,1385.5806,8106900,
CI005469.WI,激光加工设备(中信),2022-02-23,1385.0675,1490.5426,1385.0675,1477.2589,9550000,
CI005469.WI,激光加工设备(中信),2022-02-24,1473.6187,1486.0663,1402.0378,1420.7041,7676600,
CI005469.WI,激光加工设备(中信),2022-02-25,1439.781,1489.1653,1438.8375,1455.9447,7452100,
CI005469.WI,激光加工设备(中信),2022-02-28,1448.8152,1460.5671,1408.9803,1453.9719,8461400,
CI005469.WI,激光加工设备(中信),2022-03-01,1457.8397,1471.7152,1423.3293,1444.1956,7759500,
CI005469.WI,激光加工设备(中信),2022-03-02,1452.9465,1452.9465,1393.059,1430.3105,5412000,
CI005469.WI,激光加工设备(中信),2022-03-03,1432.4539,1443.668,1372.4352,1392.0823,7342800,
CI005469.WI,激光加工设备(中信),2022-03-04,1411.6741,1411.6741,1357.3558,1362.7037,6826500,
CI005469.WI,激光加工设备(中信),2022-03-07,1348.201,1368.8621,1286.8728,1297.8308,9270100,
CI005469.WI,激光加工设备(中信),2022-03-08,1303.0929,1317.543,1235.8905,1249.2057,8302900,
CI005469.WI,激光加工设备(中信),2022-03-09,1274.7294,1274.7294,1161.9656,1209.4897,9741200,
CI005469.WI,激光加工设备(中信),2022-03-10,1243.746,1280.1947,1239.7013,1257.6849,7719300,
CI005469.WI,激光加工设备(中信),2022-03-11,1232.5731,1251.4512,1197.5645,1238.9574,5686700,
CI005469.WI,激光加工设备(中信),2022-03-14,1228.2128,1246.0811,1207.1024,1218.1235,6805000,
CI005469.WI,激光加工设备(中信),2022-03-15,1202.3966,1267.929,1193.588,1195.5631,11156700,
CI005469.WI,激光加工设备(中信),2022-03-16,1217.324,1275.0905,1191.3008,1260.3134,10838800,
CI005469.WI,激光加工设备(中信),2022-03-17,1306.3937,1400.1429,1291.5105,1357.6219,14539000,
CI005469.WI,激光加工设备(中信),2022-03-18,1347.3617,1351.2526,1318.5145,1349.9493,7396700,
CI005469.WI,激光加工设备(中信),2022-03-21,1335.0769,1426.0854,1331.1174,1377.0626,10907100,
CI005469.WI,激光加工设备(中信),2022-03-22,1400.0496,1426.9708,1383.7435,1396.3236,8306100,
CI005469.WI,激光加工设备(中信),2022-03-23,1396.1559,1459.8535,1396.1559,1435.6403,11790000,
CI005469.WI,激光加工设备(中信),2022-03-24,1419.9742,1430.7212,1376.9078,1387.7317,7859800,
CI005469.WI,激光加工设备(中信),2022-03-25,1395.5757,1408.1495,1334.9628,1338.6212,6837800,
CI005469.WI,激光加工设备(中信),2022-03-28,1334.7557,1358.0789,1296.1384,1338.498,8172300,
CI005469.WI,激光加工设备(中信),2022-03-29,1363.666,1363.666,1310.4105,1320.1239,4506200,
CI005469.WI,激光加工设备(中信),2022-03-30,1327.2419,1392.9731,1327.2419,1371.1646,5019200,
CI005469.WI,激光加工设备(中信),2022-03-31,1369.4504,1369.4504,1317.5405,1330.3855,5063100,
CI005469.WI,激光加工设备(中信),2022-04-01,1325.1375,1337.0205,1297.4301,1326.8055,4526000,
CI005469.WI,激光加工设备(中信),2022-04-06,1316.2968,1316.5709,1265.8613,1279.0172,6010400,
CI005469.WI,激光加工设备(中信),2022-04-07,1272.2003,1293.6499,1257.1859,1266.6329,9143800,
CI005469.WI,激光加工设备(中信),2022-04-08,1264.4083,1265.5052,1217.2096,1241.0708,7027600,
CI005469.WI,激光加工设备(中信),2022-04-11,1238.7412,1238.7412,1148.0375,1166.7964,7994600,
CI005469.WI,激光加工设备(中信),2022-04-12,1166.4189,1183.4022,1143.1416,1173.647,5744900,
CI005469.WI,激光加工设备(中信),2022-04-13,1165.0942,1177.1248,1129.9146,1148.7552,4874000,
CI005469.WI,激光加工设备(中信),2022-04-14,1167.083,1167.2643,1115.5314,1136.8257,6288600,
CI005469.WI,激光加工设备(中信),2022-04-15,1115.8077,1120.8113,1077.1394,1100.2531,6682500,
CI005469.WI,激光加工设备(中信),2022-04-18,1099.2452,1150.5582,1076.6183,1120.1934,7282900,
CI005469.WI,激光加工设备(中信),2022-04-19,1117.1407,1170.6816,1114.7109,1118.5006,7968300,
CI005469.WI,激光加工设备(中信),2022-04-20,1119.2024,1125.2954,1073.2637,1074.1709,7212000,
CI005469.WI,激光加工设备(中信),2022-04-21,1065.3793,1075.3381,1023.9026,1028.7412,8795300,
CI005469.WI,激光加工设备(中信),2022-04-22,1017.3864,1041.3331,984.2524,990.5835,7564300,
CI005469.WI,激光加工设备(中信),2022-04-25,960.3452,960.3452,891.5218,901.071,9197500,
CI005469.WI,激光加工设备(中信),2022-04-26,888.2035,906.1893,847.0051,848.681,7405100,
CI005469.WI,激光加工设备(中信),2022-04-27,852.1355,893.9727,818.0951,886.6649,10131700,
CI005469.WI,激光加工设备(中信),2022-04-28,884.5891,903.623,851.1424,880.6912,7893400,
CI005469.WI,激光加工设备(中信),2022-04-29,882.7687,947.8345,873.3514,941.4421,9267900,
CI005469.WI,激光加工设备(中信),2022-05-05,921.8779,963.6429,913.0103,939.2167,8139400,
CI005469.WI,激光加工设备(中信),2022-05-06,895.3832,940.3969,895.3832,925.0995,6878500,
CI005469.WI,激光加工设备(中信),2022-05-09,924.0533,931.2635,899.7959,914.9304,6891800,
CI005469.WI,激光加工设备(中信),2022-05-10,903.681,968.6592,891.428,955.3576,9034000,
CI005469.WI,激光加工设备(中信),2022-05-11,955.3596,1067.3569,955.1169,1016.7494,12282000,
CI005469.WI,激光加工设备(中信),2022-05-12,1014.6055,1019.4345,990.9028,1009.5409,6453500,
CI005469.WI,激光加工设备(中信),2022-05-13,1012.1235,1025.3867,994.9834,1015.9382,6086100,
CI005469.WI,激光加工设备(中信),2022-05-16,1019.739,1061.6118,1006.99,1014.0886,7233100,
CI005469.WI,激光加工设备(中信),2022-05-17,1032.0734,1040.0367,999.6945,1035.6576,5227500,
CI005469.WI,激光加工设备(中信),2022-05-18,1028.0499,1087.7555,1027.7217,1055.5291,7942400,
CI005469.WI,激光加工设备(中信),2022-05-19,1044.8535,1087.1904,1033.7458,1077.1433,6294400,
CI005469.WI,激光加工设备(中信),2022-05-20,1088.2653,1117.1412,1085.63,1100.3431,7364200,
CI005469.WI,激光加工设备(中信),2022-05-23,1100.5718,1102.7063,1062.8247,1092.241,6490800,
CI005469.WI,激光加工设备(中信),2022-05-24,1095.4651,1095.4651,1001.4753,1004.9638,8703700,
CI005469.WI,激光加工设备(中信),2022-05-25,1006.9752,1034.4333,991.4491,1001.2736,6477900,
CI005469.WI,激光加工设备(中信),2022-05-26,1003.1931,1015.7156,967.9085,1005.5781,7296700,
CI005469.WI,激光加工设备(中信),2022-05-27,1017.3073,1051.1648,1016.4608,1027.3395,8465900,
CI005469.WI,激光加工设备(中信),2022-05-30,1038.2323,1060.1429,1016.1815,1055.0631,6124400,
CI005469.WI,激光加工设备(中信),2022-05-31,1058.947,1135.5983,1040.759,1126.8516,12363500,
CI005469.WI,激光加工设备(中信),2022-06-01,1124.5702,1139.7902,1102.9539,1136.8829,10187100,
CI005469.WI,激光加工设备(中信),2022-06-02,1118.7856,1222.2128,1118.7856,1216.3142,15339200,
CI005469.WI,激光加工设备(中信),2022-06-06,1261.9342,1304.9473,1226.6277,1297.7487,19519100,
CI005469.WI,激光加工设备(中信),2022-06-07,1292.0532,1293.6415,1239.0408,1267.2461,10855600,
CI005469.WI,激光加工设备(中信),2022-06-08,1280.1204,1284.8519,1211.8888,1246.8998,10947300,
CI005469.WI,激光加工设备(中信),2022-06-09,1235.7993,1250.059,1195.9883,1200.1353,7982300,
CI005469.WI,激光加工设备(中信),2022-06-10,1200.9872,1255.2531,1183.8022,1212.0444,12509700,
CI005469.WI,激光加工设备(中信),2022-06-13,1215.5544,1276.4342,1214.9771,1238.1169,11830700,
CI005469.WI,激光加工设备(中信),2022-06-14,1234.7407,1242.3843,1180.4797,1240.6741,9851200,
CI005469.WI,激光加工设备(中信),2022-06-15,1238.551,1257.7488,1198.6118,1223.2461,13369200,
CI005469.WI,激光加工设备(中信),2022-06-16,1239.4585,1283.8529,1215.1191,1264.5764,12903100,
CI005469.WI,激光加工设备(中信),2022-06-17,1255.5072,1360.0706,1231.2023,1349.983,15976600,
CI005469.WI,激光加工设备(中信),2022-06-20,1359.953,1386.0443,1319.9851,1363.1241,13316800,
CI005469.WI,激光加工设备(中信),2022-06-21,1370.9194,1373.1171,1296.3523,1319.6575,11278000,
CI005469.WI,激光加工设备(中信),2022-06-22,1311.1207,1370.2648,1310.8461,1331.5155,12151100,
CI005469.WI,激光加工设备(中信),2022-06-23,1355.7242,1436.1866,1337.3545,1427.8525,14517900,
CI005469.WI,激光加工设备(中信),2022-06-24,1451.6641,1491.5424,1430.9609,1473.3242,12495300,
CI005469.WI,激光加工设备(中信),2022-06-27,1468.3394,1505.6573,1438.6622,1447.3103,11110700,
CI005469.WI,激光加工设备(中信),2022-06-28,1458.0316,1458.0316,1378.6862,1412.5537,13833100,
CI005469.WI,激光加工设备(中信),2022-06-29,1409.1371,1413.4601,1323.1223,1333.7955,13626500,
CI005469.WI,激光加工设备(中信),2022-06-30,1336.9154,1370.9663,1296.7896,1352.7886,15356600,
CI005469.WI,激光加工设备(中信),2022-07-01,1338.701,1395.0051,1336.0161,1370.2087,12825400,
CI005469.WI,激光加工设备(中信),2022-07-04,1356.1349,1380.027,1312.1249,1364.5835,11574700,
CI005469.WI,激光加工设备(中信),2022-07-05,1370.5573,1374.2322,1297.8672,1321.8901,10530200,
CI005469.WI,激光加工设备(中信),2022-07-06,1314.5239,1345.5809,1304.5725,1317.96,7853500,
CI005469.WI,激光加工设备(中信),2022-07-07,1332.3612,1377.4564,1299.8693,1373.2733,9256200,
CI005469.WI,激光加工设备(中信),2022-07-08,1363.465,1379.1425,1317.1392,1327.5394,8346900,
CI005469.WI,激光加工设备(中信),2022-07-11,1311.0756,1317.4725,1276.0878,1296.2086,8191900,
CI005469.WI,激光加工设备(中信),2022-07-12,1302.6865,1318.9327,1256.8132,1261.1667,9134000,
CI005469.WI,激光加工设备(中信),2022-07-13,1267.1437,1297.6599,1237.6449,1280.0804,9182700,
CI005469.WI,激光加工设备(中信),2022-07-14,1280.1561,1348.6796,1256.1263,1322.6149,7900400,
CI005469.WI,激光加工设备(中信),2022-07-15,1325.3496,1336.951,1282.8807,1287.7112,6161700,
CI005469.WI,激光加工设备(中信),2022-07-18,1296.6838,1305.3065,1246.7316,1284.9337,7111400,
CI005469.WI,激光加工设备(中信),2022-07-19,1275.2087,1335.2301,1256.5139,1303.0485,8841600,
CI005469.WI,激光加工设备(中信),2022-07-20,1307.6698,1343.0048,1291.8011,1336.0635,7825900,
CI005469.WI,激光加工设备(中信),2022-07-21,1335.7819,1390.4232,1320.9004,1368.2742,12118300,
CI005469.WI,激光加工设备(中信),2022-07-22,1381.254,1411.0919,1328.7683,1348.9762,9262900,
CI005469.WI,激光加工设备(中信),2022-07-25,1349.8768,1371.1511,1315.6073,1333.9608,8236900,
CI005469.WI,激光加工设备(中信),2022-07-26,1327.8197,1340.1934,1282.3878,1337.9142,8025800,
CI005469.WI,激光加工设备(中信),2022-07-27,1318.5299,1432.4811,1315.2394,1425.6292,13409700,
CI005469.WI,激光加工设备(中信),2022-07-28,1438.2703,1461.7432,1411.7711,1425.528,11252000,
CI005469.WI,激光加工设备(中信),2022-07-29,1421.8297,1482.3434,1415.0891,1475.2754,12849400,
CI005469.WI,激光加工设备(中信),2022-08-01,1474.933,1544.6842,1451.722,1503.9048,23282400,
CI005469.WI,激光加工设备(中信),2022-08-02,1481.316,1500.6207,1445.1392,1458.5844,18913000,
CI005469.WI,激光加工设备(中信),2022-08-03,1474.8524,1509.0863,1422.5216,1430.7168,19889200,
CI005469.WI,激光加工设备(中信),2022-08-04,1449.9241,1450.2441,1365.6044,1385.8262,18148000,
CI005469.WI,激光加工设备(中信),2022-08-05,1393.1956,1443.4862,1382.4109,1410.1484,15082900,
CI005469.WI,激光加工设备(中信),2022-08-08,1409.7991,1462.8975,1379.7798,1447.012,15478100,
CI005469.WI,激光加工设备(中信),2022-08-09,1443.0823,1573.792,1434.6932,1569.8555,24301900,
CI005469.WI,激光加工设备(中信),2022-08-10,1589.1787,1660.7461,1559.3168,1639.6631,29721300,
CI005469.WI,激光加工设备(中信),2022-08-11,1661.1007,1694.4,1639.3014,1663.5413,26199100,
CI005469.WI,激光加工设备(中信),2022-08-12,1652.3683,1664.3077,1555.0752,1564.6643,20560100,
CI005469.WI,激光加工设备(中信),2022-08-15,1577.2004,1652.9215,1560.6965,1648.5645,21605800,
CI005469.WI,激光加工设备(中信),2022-08-16,1662.9983,1768.123,1658.1775,1763.3998,22603200,
CI005469.WI,激光加工设备(中信),2022-08-17,1775.0421,1859.8051,1775.0421,1803.231,28792500,
CI005469.WI,激光加工设备(中信),2022-08-18,1795.4569,1879.0917,1783.0399,1856.6732,24143100,
CI005469.WI,激光加工设备(中信),2022-08-19,1853.1249,1951.1947,1848.2325,1873.0903,30006700,
CI005469.WI,激光加工设备(中信),2022-08-22,1883.2334,1890.385,1792.1073,1822.9246,27952600,
CI005469.WI,激光加工设备(中信),2022-08-23,1824.632,1853.2744,1810.0098,1834.1816,23481400,
CI005469.WI,激光加工设备(中信),2022-08-24,1843.6776,1884.5441,1746.4398,1788.323,28131000,
CI005469.WI,激光加工设备(中信),2022-08-25,1786.7042,1792.8217,1637.8552,1666.6434,25202300,
CI005469.WI,激光加工设备(中信),2022-08-26,1671.1833,1684.1776,1592.4979,1611.9965,21764000,
CI005469.WI,激光加工设备(中信),2022-08-29,1591.0889,1676.6931,1576.6382,1654.4623,16223000,
CI005469.WI,激光加工设备(中信),2022-08-30,1731.9257,1731.9257,1627.7681,1662.53,20921000,
CI005469.WI,激光加工设备(中信),2022-08-31,1658.7034,1661.605,1518.7633,1534.8135,24441100,
CI005469.WI,激光加工设备(中信),2022-09-01,1541.7679,1541.7679,1454.588,1467.3099,14429800,
CI005469.WI,激光加工设备(中信),2022-09-02,1477.5486,1577.0736,1464.4397,1528.4882,20436700,
CI005469.WI,激光加工设备(中信),2022-09-05,1534.025,1612.723,1503.4738,1546.9778,21838600,
CI005469.WI,激光加工设备(中信),2022-09-06,1557.5334,1622.04,1518.7375,1617.955,26865100,
CI005469.WI,激光加工设备(中信),2022-09-07,1604.744,1731.071,1599.6404,1699.5144,26528100,
CI005469.WI,激光加工设备(中信),2022-09-08,1702.6932,1711.8759,1636.5256,1643.6543,20256000,
CI005469.WI,激光加工设备(中信),2022-09-09,1633.5238,1645.293,1545.4403,1559.4788,19878500,
CI005469.WI,激光加工设备(中信),2022-09-13,1626.7797,1665.4442,1609.8905,1655.4408,21094800,
CI005469.WI,激光加工设备(中信),2022-09-14,1629.2041,1658.3827,1579.098,1607.9652,13302400,
CI005469.WI,激光加工设备(中信),2022-09-15,1621.2759,1621.2759,1474.5693,1516.188,17995500,
CI005469.WI,激光加工设备(中信),2022-09-16,1504.7527,1595.089,1502.0216,1535.3088,19206600,
CI005469.WI,激光加工设备(中信),2022-09-19,1560.5979,1561.85,1483.4855,1506.2231,13843100,
CI005469.WI,激光加工设备(中信),2022-09-20,1533.8767,1622.9907,1533.0388,1591.0789,17998200,
CI005469.WI,激光加工设备(中信),2022-09-21,1582.5299,1606.6476,1540.8862,1574.4481,14615700,
CI005469.WI,激光加工设备(中信),2022-09-22,1557.8895,1644.4614,1555.99,1634.8712,15015200,
CI005469.WI,激光加工设备(中信),2022-09-23,1620.1293,1669.0348,1531.4878,1542.549,18525300,
CI005469.WI,激光加工设备(中信),2022-09-26,1521.3275,1624.151,1518.0352,1589.9806,16957700,
CI005469.WI,激光加工设备(中信),2022-09-27,1603.9384,1613.7389,1538.5654,1601.4639,12681900,
CI005469.WI,激光加工设备(中信),2022-09-28,1601.6443,1614.8832,1549.2556,1552.595,10799400,
CI005469.WI,激光加工设备(中信),2022-09-29,1563.0695,1606.1041,1511.6479,1591.1515,11108100,
CI005469.WI,激光加工设备(中信),2022-09-30,1588.9653,1592.1515,1510.2216,1523.5389,10590300,
CI005469.WI,激光加工设备(中信),2022-10-10,1511.7882,1530.0646,1420.038,1424.8682,11984800,
CI005469.WI,激光加工设备(中信),2022-10-11,1431.4175,1476.5129,1415.8221,1436.2428,8687900,
CI005469.WI,激光加工设备(中信),2022-10-12,1422.038,1502.6541,1389.5785,1501.5953,11571500,
CI005469.WI,激光加工设备(中信),2022-10-13,1492.4739,1537.1633,1470.8156,1470.8156,11185700,
CI005469.WI,激光加工设备(中信),2022-10-14,1494.588,1498.4739,1421.4958,1457.6293,13618900,
CI005469.WI,激光加工设备(中信),2022-10-17,1442.751,1487.2238,1431.8502,1482.6602,11833600,
CI005469.WI,激光加工设备(中信),2022-10-18,1481.2964,1481.6405,1403.0007,1413.4823,13656000,
CI005469.WI,激光加工设备(中信),2022-10-19,1401.7556,1461.4764,1401.7556,1414.3406,11306900,
CI005469.WI,激光加工设备(中信),2022-10-20,1394.0437,1419.0054,1353.452,1394.0728,11294500,
CI005469.WI,激光加工设备(中信),2022-10-21,1381.7772,1402.3628,1358.7848,1385.6605,10020900,
CI005469.WI,激光加工设备(中信),2022-10-24,1392.2041,1414.395,1344.522,1352.0552,12204900,
CI005469.WI,激光加工设备(中信),2022-10-25,1347.9099,1410.1614,1328.8641,1405.4604,11834000,
CI005469.WI,激光加工设备(中信),2022-10-26,1393.3015,1451.7598,1369.4473,1449.5371,13334600,
CI005469.WI,激光加工设备(中信),2022-10-27,1452.9875,1469.9283,1382.7483,1399.1877,14770800,
CI005469.WI,激光加工设备(中信),2022-10-28,1405.0587,1442.8876,1316.7632,1327.6727,19004800,
CI005469.WI,激光加工设备(中信),2022-10-31,1328.1073,1372.0555,1317.6611,1333.73,14113400,
CI005469.WI,激光加工设备(中信),2022-11-01,1328.8142,1386.5942,1310.2557,1383.4978,12952600,
CI005469.WI,激光加工设备(中信),2022-11-02,1407.7797,1449.7889,1394.0085,1429.1947,18264300,
CI005469.WI,激光加工设备(中信),2022-11-03,1410.1823,1476.3799,1409.1191,1464.6249,13524600,
CI005469.WI,激光加工设备(中信),2022-11-04,1464.9572,1498.274,1455.86,1484.3667,14414400,
CI005469.WI,激光加工设备(中信),2022-11-07,1492.313,1497.2106,1433.6912,1482.8687,11613600,
CI005469.WI,激光加工设备(中信),2022-11-08,1495.3267,1511.5063,1478.8091,1502.5961,20628500,
CI005469.WI,激光加工设备(中信),2022-11-09,1504.1205,1509.5756,1462.6698,1475.6233,15123300,
CI005469.WI,激光加工设备(中信),2022-11-10,1470.3887,1490.8308,1404.4529,1411.4153,14591600,
CI005469.WI,激光加工设备(中信),2022-11-11,1444.4266,1460.1987,1391.6416,1411.0345,15895100,
CI005469.WI,激光加工设备(中信),2022-11-14,1410.416,1418.42,1342.9824,1351.6101,11285600,
CI005469.WI,激光加工设备(中信),2022-11-15,1354.8643,1390.1102,1346.0461,1383.1146,10426800,
CI005469.WI,激光加工设备(中信),2022-11-16,1386.7579,1397.4032,1341.736,1350.2986,11934400,
CI005469.WI,激光加工设备(中信),2022-11-17,1348.2404,1350.3967,1303.9104,1315.9534,12742500,
CI005469.WI,激光加工设备(中信),2022-11-18,1311.4755,1342.9353,1272.5703,1274.9462,15033300,
CI005469.WI,激光加工设备(中信),2022-11-21,1273.7695,1306.6824,1253.9629,1302.2874,11748600,
CI005469.WI,激光加工设备(中信),2022-11-22,1303.3793,1326.6639,1273.7518,1275.4844,10785400,
CI005469.WI,激光加工设备(中信),2022-11-23,1272.3485,1279.9327,1235.9464,1251.0962,10960600,
CI005469.WI,激光加工设备(中信),2022-11-24,1257.0696,1279.9535,1243.0894,1266.7968,8907800,
CI005469.WI,激光加工设备(中信),2022-11-25,1267.7428,1269.6205,1220.2733,1221.5886,8851000,
CI005469.WI,激光加工设备(中信),2022-11-28,1191.3687,1217.9688,1191.3687,1207.9937,6755400,
CI005469.WI,激光加工设备(中信),2022-11-29,1196.0526,1221.3276,1184.2479,1207.7844,10785700,
CI005469.WI,激光加工设备(中信),2022-11-30,1210.222,1216.0801,1180.5814,1184.1006,10341700,
CI005469.WI,激光加工设备(中信),2022-12-01,1204.1377,1268.4847,1203.5795,1251.2898,19326200,
CI005469.WI,激光加工设备(中信),2022-12-02,1251.8153,1291.2784,1245.9171,1279.2582,17813800,
CI005469.WI,激光加工设备(中信),2022-12-05,1287.16,1306.1608,1256.5309,1278.46,17540600,
CI005469.WI,激光加工设备(中信),2022-12-06,1275.9637,1337.9639,1269.4053,1321.0007,16510800,
CI005469.WI,激光加工设备(中信),2022-12-07,1318.7061,1322.918,1280.4442,1286.2239,12823100,
CI005469.WI,激光加工设备(中信),2022-12-08,1283.1265,1301.7672,1269.0974,1273.5364,8894000,
CI005469.WI,激光加工设备(中信),2022-12-09,1270.7285,1290.1418,1257.8701,1279.0935,12805600,
CI005469.WI,激光加工设备(中信),2022-12-12,1266.4829,1297.8502,1242.2808,1294.5106,13589600,
CI005469.WI,激光加工设备(中信),2022-12-13,1286.1129,1302.5992,1245.2935,1249.5588,11260600,
CI005469.WI,激光加工设备(中信),2022-12-14,1252.6514,1275.3885,1236.2755,1244.4756,7977600,
CI005469.WI,激光加工设备(中信),2022-12-15,1235.9111,1276.5686,1230.8916,1270.2109,9817100,
CI005469.WI,激光加工设备(中信),2022-12-16,1260.3745,1260.8367,1195.5294,1205.7469,9917100,
CI005469.WI,激光加工设备(中信),2022-12-19,1199.3096,1222.3887,1172.6519,1177.6735,8695400,
CI005469.WI,激光加工设备(中信),2022-12-20,1180.9313,1204.6476,1168.3234,1185.827,6663600,
CI005469.WI,激光加工设备(中信),2022-12-21,1192.3665,1192.3665,1140.3104,1151.3979,7778200,
CI005469.WI,激光加工设备(中信),2022-12-22,1157.6881,1168.5289,1130.9648,1133.3395,6608000,
CI005469.WI,激光加工设备(中信),2022-12-23,1122.2157,1134.8247,1090.8442,1100.26,6457000,
CI005469.WI,激光加工设备(中信),2022-12-26,1100.6963,1174.9724,1098.4907,1168.9559,10084500,
CI005469.WI,激光加工设备(中信),2022-12-27,1167.7842,1208.4302,1165.3481,1199.45,9249200,
CI005469.WI,激光加工设备(中信),2022-12-28,1194.947,1196.95,1155.1864,1172.5768,5779500,
CI005469.WI,激光加工设备(中信),2022-12-29,1161.8546,1197.7072,1161.8546,1178.2175,6288700,
CI005469.WI,激光加工设备(中信),2022-12-30,1181.7197,1200.9528,1170.7544,1176.902,5936500,
CI005469.WI,激光加工设备(中信),2023-01-03,1173.6497,1240.1974,1169.4132,1235.251,33830100,
CI005469.WI,激光加工设备(中信),2023-01-04,1233.2701,1233.5099,1204.9677,1215.7638,38886500,
CI005469.WI,激光加工设备(中信),2023-01-05,1215.8622,1230.5966,1213.63,1221.5657,31362200,
CI005469.WI,激光加工设备(中信),2023-01-06,1219.6669,1257.5322,1216.3208,1247.0494,36226700,
CI005469.WI,激光加工设备(中信),2023-01-09,1248.5873,1262.6128,1235.7571,1239.3696,38177900,
CI005469.WI,激光加工设备(中信),2023-01-10,1238.7982,1248.5063,1233.2753,1245.3613,30497900,
CI005469.WI,激光加工设备(中信),2023-01-11,1243.7583,1250.9799,1226.2061,1226.8365,30016000,
CI005469.WI,激光加工设备(中信),2023-01-12,1226.7692,1241.2909,1225.829,1229.4065,23800900,
CI005469.WI,激光加工设备(中信),2023-01-13,1232.7621,1233.7079,1210.8622,1224.6981,26530000,
CI005469.WI,激光加工设备(中信),2023-01-16,1227.1952,1258.083,1224.4791,1245.7111,38390900,
CI005469.WI,激光加工设备(中信),2023-01-17,1246.8833,1262.4707,1244.2059,1262.4707,27681300,
CI005469.WI,激光加工设备(中信),2023-01-18,1266.2544,1279.0917,1256.8081,1277.8177,30956000,
CI005469.WI,激光加工设备(中信),2023-01-19,1278.297,1304.7847,1269.6635,1303.406,38260000,
CI005469.WI,激光加工设备(中信),2023-01-20,1309.7998,1317.5532,1293.5697,1301.5894,37536400,
CI005469.WI,激光加工设备(中信),2023-01-30,1339.5052,1366.4187,1339.031,1350.8239,61265600,
CI005469.WI,激光加工设备(中信),2023-01-31,1349.2175,1377.6815,1345.9011,1366.9041,51005400,
CI005469.WI,激光加工设备(中信),2023-02-01,1371.2961,1392.0128,1358.3049,1392.0128,56974000,
CI005469.WI,激光加工设备(中信),2023-02-02,1393.5667,1406.4752,1387.382,1390.7377,64559400,
CI005469.WI,激光加工设备(中信),2023-02-03,1388.8761,1410.6908,1369.2634,1409.5668,60218300,
CI005469.WI,激光加工设备(中信),2023-02-06,1395.1583,1399.2627,1371.6787,1379.2162,48437000,
CI005469.WI,激光加工设备(中信),2023-02-07,1383.4889,1441.9791,1383.4889,1428.5446,100355800,
CI005469.WI,激光加工设备(中信),2023-02-08,1417.21,1420.699,1394.6853,1394.9025,63119900,
CI005469.WI,激光加工设备(中信),2023-02-09,1390.8569,1452.574,1387.283,1450.1145,72520200,
CI005469.WI,激光加工设备(中信),2023-02-10,1440.6049,1462.6833,1427.7684,1439.5548,84033300,
CI005469.WI,激光加工设备(中信),2023-02-13,1432.329,1432.329,1412.2565,1429.2548,69054600,
CI005469.WI,激光加工设备(中信),2023-02-14,1429.5809,1436.6001,1416.795,1421.5769,54867600,
CI005469.WI,激光加工设备(中信),2023-02-15,1422.3915,1451.5305,1420.5668,1451.5305,59646800,
CI005469.WI,激光加工设备(中信),2023-02-16,1462.1377,1463.3678,1408.4921,1420.939,79053300,
CI005469.WI,激光加工设备(中信),2023-02-17,1423.4675,1426.7877,1382.4667,1383.1725,66019000,
CI005469.WI,激光加工设备(中信),2023-02-20,1379.7456,1391.7375,1365.2531,1391.7375,47449600,
CI005469.WI,激光加工设备(中信),2023-02-21,1389.5112,1396.5509,1375.9929,1386.3134,35641600,
CI005469.WI,激光加工设备(中信),2023-02-22,1376.5795,1404.2394,1373.1876,1393.0403,36827300,
CI005469.WI,激光加工设备(中信),2023-02-23,1391.369,1403.0978,1385.441,1394.6154,32227400,
CI005469.WI,激光加工设备(中信),2023-02-24,1391.9479,1402.4468,1376.8494,1381.6842,28667500,
CI005469.WI,激光加工设备(中信),2023-02-27,1381.8578,1409.9634,1375.5342,1383.8638,43040000,
CI005469.WI,激光加工设备(中信),2023-02-28,1378.7745,1397.4979,1368.8783,1389.4388,30957400,
CI005469.WI,激光加工设备(中信),2023-03-01,1386.8539,1389.8453,1376.277,1388.6447,46386200,
CI005469.WI,激光加工设备(中信),2023-03-02,1390.5215,1400.9674,1368.2567,1371.4156,47623100,
CI005469.WI,激光加工设备(中信),2023-03-03,1374.019,1382.3444,1359.2507,1376.3206,33627100,
CI005469.WI,激光加工设备(中信),2023-03-06,1376.8833,1388.2977,1361.2167,1383.2468,39310800,
CI005469.WI,激光加工设备(中信),2023-03-07,1383.0675,1383.2393,1332.4465,1332.4708,44069700,
CI005469.WI,激光加工设备(中信),2023-03-08,1322.453,1340.3121,1321.8939,1331.2827,25124200,
CI005469.WI,激光加工设备(中信),2023-03-09,1328.812,1346.9977,1310.0482,1316.1478,41361200,
CI005469.WI,激光加工设备(中信),2023-03-10,1312.0173,1316.3824,1294.8275,1302.0508,29189600,
CI005469.WI,激光加工设备(中信),2023-03-13,1297.6022,1304.9578,1287.7528,1298.6034,33834500,
CI005469.WI,激光加工设备(中信),2023-03-14,1297.761,1297.761,1262.5497,1282.2964,36732400,
CI005469.WI,激光加工设备(中信),2023-03-15,1287.1318,1320.2786,1287.1318,1293.0649,39405800,
CI005469.WI,激光加工设备(中信),2023-03-16,1286.7366,1287.3721,1250.3391,1253.8615,35440100,
CI005469.WI,激光加工设备(中信),2023-03-17,1262.3613,1278.3064,1259.6727,1264.2885,34328400,
CI005469.WI,激光加工设备(中信),2023-03-20,1263.6638,1280.3586,1250.78,1267.4734,32925000,
CI005469.WI,激光加工设备(中信),2023-03-21,1269.9427,1282.3389,1259.7122,1282.3389,30737200,
CI005469.WI,激光加工设备(中信),2023-03-22,1286.5273,1296.9598,1284.011,1295.1914,42875400,
CI005469.WI,激光加工设备(中信),2023-03-23,1295.1925,1322.1285,1291.1135,1316.3463,83334800,
CI005469.WI,激光加工设备(中信),2023-03-24,1312.74,1330.2424,1312.7018,1325.8043,59425900,
CI005469.WI,激光加工设备(中信),2023-03-27,1327.3208,1340.4087,1315.0936,1328.1593,53163300,
CI005469.WI,激光加工设备(中信),2023-03-28,1329.9822,1331.5348,1286.8302,1287.5352,48087300,
CI005469.WI,激光加工设备(中信),2023-03-29,1295.1249,1307.7849,1287.4961,1294.0222,35468200,
CI005469.WI,激光加工设备(中信),2023-03-30,1297.4584,1311.5161,1293.6758,1304.3096,39085300,
CI005469.WI,激光加工设备(中信),2023-03-31,1305.0051,1306.6305,1282.4901,1291.5852,41857500,
CI005469.WI,激光加工设备(中信),2023-04-03,1289.0665,1306.8862,1286.5667,1306.8862,47402800,
CI005469.WI,激光加工设备(中信),2023-04-04,1306.3519,1306.3519,1273.4617,1281.1211,62005300,
CI005469.WI,激光加工设备(中信),2023-04-06,1273.7795,1308.6266,1269.88,1308.4705,64555600,
CI005469.WI,激光加工设备(中信),2023-04-07,1304.8994,1340.8818,1300.303,1334.8386,83397200,
CI005469.WI,激光加工设备(中信),2023-04-10,1322.4653,1330.6588,1304.7611,1315.8046,74002000,
CI005469.WI,激光加工设备(中信),2023-04-11,1310.406,1310.676,1285.7167,1298.7825,52717500,
CI005469.WI,激光加工设备(中信),2023-04-12,1302.7869,1313.8719,1296.2529,1303.9069,49306300,
CI005469.WI,激光加工设备(中信),2023-04-13,1297.3826,1297.3934,1260.2782,1261.5739,53484500,
CI005469.WI,激光加工设备(中信),2023-04-14,1266.4541,1281.0867,1255.3846,1275.3115,42443800,
CI005469.WI,激光加工设备(中信),2023-04-17,1274.2448,1289.1694,1270.8945,1278.4924,46670700,
CI005469.WI,激光加工设备(中信),2023-04-18,1278.5404,1285.6443,1253.8468,1255.7247,48377700,
CI005469.WI,激光加工设备(中信),2023-04-19,1249.5034,1259.3654,1239.9769,1241.9375,40384600,
CI005469.WI,激光加工设备(中信),2023-04-20,1241.5182,1241.9614,1215.3185,1225.7225,44176700,
CI005469.WI,激光加工设备(中信),2023-04-21,1226.4324,1233.7139,1179.9154,1180.3068,57889600,
CI005469.WI,激光加工设备(中信),2023-04-24,1163.5726,1163.6327,1136.5709,1143.4974,60489100,
CI005469.WI,激光加工设备(中信),2023-04-25,1150.0446,1160.8958,1115.6615,1128.0151,68735100,
CI005469.WI,激光加工设备(中信),2023-04-26,1129.3083,1149.8795,1126.0665,1142.0803,54478800,
CI005469.WI,激光加工设备(中信),2023-04-27,1144.905,1154.035,1133.6775,1143.7504,41749500,
CI005469.WI,激光加工设备(中信),2023-04-28,1153.9042,1170.4763,1150.7665,1170.0673,51907100,
CI005469.WI,激光加工设备(中信),2023-05-04,1164.3147,1172.0161,1154.5068,1164.5707,57103100,
CI005469.WI,激光加工设备(中信),2023-05-05,1161.9524,1162.4214,1131.6221,1137.2518,51474200,
CI005469.WI,激光加工设备(中信),2023-05-08,1136.9723,1159.7218,1127.3357,1152.1315,67803700,
CI005469.WI,激光加工设备(中信),2023-05-09,1151.1285,1153.7028,1125.2279,1125.2279,58729900,
CI005469.WI,激光加工设备(中信),2023-05-10,1123.6655,1142.6228,1116.7041,1136.3163,44827700,
CI005469.WI,激光加工设备(中信),2023-05-11,1138.0435,1141.5084,1126.4192,1132.0914,39073500,
CI005469.WI,激光加工设备(中信),2023-05-12,1130.2817,1136.0818,1099.0765,1100.276,49712400,
CI005469.WI,激光加工设备(中信),2023-05-15,1099.9388,1119.9207,1096.0692,1119.3685,39243500,
CI005469.WI,激光加工设备(中信),2023-05-16,1123.0487,1126.598,1112.5553,1116.7185,30316300,
CI005469.WI,激光加工设备(中信),2023-05-17,1114.1003,1130.5553,1112.0204,1130.5553,31060300,
CI005469.WI,激光加工设备(中信),2023-05-18,1133.0889,1158.2119,1130.4392,1152.2461,66981300,
CI005469.WI,激光加工设备(中信),2023-05-19,1148.1779,1164.2839,1143.7697,1159.4481,51429800,
CI005469.WI,激光加工设备(中信),2023-05-22,1159.5704,1164.89,1149.9252,1161.9695,37066100,
CI005469.WI,激光加工设备(中信),2023-05-23,1163.6891,1169.9978,1150.3815,1151.1434,35758500,
CI005469.WI,激光加工设备(中信),2023-05-24,1148.1501,1190.8663,1139.8317,1176.8923,53843600,
CI005469.WI,激光加工设备(中信),2023-05-25,1172.2341,1191.0822,1169.8342,1181.5698,51179300,
CI005469.WI,激光加工设备(中信),2023-05-26,1180.3334,1189.6429,1169.3458,1187.8383,51492800,
CI005469.WI,激光加工设备(中信),2023-05-29,1188.4248,1190.6718,1169.2092,1171.3126,47834100,
CI005469.WI,激光加工设备(中信),2023-05-30,1170.0111,1173.7881,1150.3354,1167.2573,39311400,
CI005469.WI,激光加工设备(中信),2023-05-31,1158.2688,1162.6576,1151.7729,1154.64,42323600,
CI005469.WI,激光加工设备(中信),2023-06-01,1157.8687,1174.38,1154.394,1172.7329,48278500,
CI005469.WI,激光加工设备(中信),2023-06-02,1176.6512,1186.3978,1169.8324,1178.1987,46116600,
CI005469.WI,激光加工设备(中信),2023-06-05,1181.8849,1184.0076,1170.1633,1172.7212,37563500,
CI005469.WI,激光加工设备(中信),2023-06-06,1169.406,1169.406,1132.7566,1141.7511,50018900,
CI005469.WI,激光加工设备(中信),2023-06-07,1143.2146,1148.4611,1132.8317,1139.213,36052900,
CI005469.WI,激光加工设备(中信),2023-06-08,1134.7764,1147.7264,1117.6394,1118.767,46806100,
CI005469.WI,激光加工设备(中信),2023-06-09,1118.6689,1145.0267,1114.0663,1145.0267,60690200,
CI005469.WI,激光加工设备(中信),2023-06-12,1143.4327,1146.3738,1132.0021,1143.3783,43895200,
CI005469.WI,激光加工设备(中信),2023-06-13,1140.0538,1155.4141,1136.0627,1154.7643,39747900,
CI005469.WI,激光加工设备(中信),2023-06-14,1155.04,1174.7534,1144.2374,1168.0787,60232100,
CI005469.WI,激光加工设备(中信),2023-06-15,1166.7689,1202.0264,1166.7689,1200.7783,69688900,
CI005469.WI,激光加工设备(中信),2023-06-16,1206.0182,1218.0939,1196.0774,1214.6382,60645700,
CI005469.WI,激光加工设备(中信),2023-06-19,1212.5925,1233.8915,1210.368,1229.3928,61316300,
CI005469.WI,激光加工设备(中信),2023-06-20,1222.3197,1256.6732,1217.5516,1249.7102,71360200,
CI005469.WI,激光加工设备(中信),2023-06-21,1247.1256,1254.7848,1216.8104,1218.0385,61534600,
CI005469.WI,激光加工设备(中信),2023-06-26,1210.9661,1227.0383,1195.1165,1201.0967,54948000,
CI005469.WI,激光加工设备(中信),2023-06-27,1201.2388,1220.7689,1196.1162,1218.4392,44468800,
CI005469.WI,激光加工设备(中信),2023-06-28,1218.0841,1219.8721,1183.9797,1214.973,58962400,
CI005469.WI,激光加工设备(中信),2023-06-29,1212.791,1251.3953,1212.3903,1245.4757,73715500,
CI005469.WI,激光加工设备(中信),2023-06-30,1243.0315,1267.6794,1238.3496,1260.6378,57151400,
CI005469.WI,激光加工设备(中信),2023-07-03,1277.8499,1290.8008,1248.7643,1251.264,63813800,
CI005469.WI,激光加工设备(中信),2023-07-04,1250.6708,1277.3073,1244.2429,1259.6998,53765900,
CI005469.WI,激光加工设备(中信),2023-07-05,1259.6693,1270.269,1252.8733,1257.0814,44195700,
CI005469.WI,激光加工设备(中信),2023-07-06,1250.1412,1274.2571,1244.7661,1261.0743,54039500,
CI005469.WI,激光加工设备(中信),2023-07-07,1256.7338,1257.1405,1227.5887,1236.364,41477300,
CI005469.WI,激光加工设备(中信),2023-07-10,1237.5687,1247.0031,1231.0403,1236.1741,34769200,
CI005469.WI,激光加工设备(中信),2023-07-11,1236.7406,1252.3235,1229.4618,1251.9539,39491400,
CI005469.WI,激光加工设备(中信),2023-07-12,1253.7506,1253.9139,1235.5474,1238.5171,49388200,
CI005469.WI,激光加工设备(中信),2023-07-13,1239.8763,1248.5236,1235.8634,1246.9661,42505500,
CI005469.WI,激光加工设备(中信),2023-07-14,1247.7533,1249.7516,1234.5172,1235.1396,39341900,
CI005469.WI,激光加工设备(中信),2023-07-17,1233.0502,1241.2612,1219.9432,1225.481,35879300,
CI005469.WI,激光加工设备(中信),2023-07-18,1229.35,1245.5304,1226.2407,1227.9581,49174700,
CI005469.WI,激光加工设备(中信),2023-07-19,1224.6508,1232.9153,1210.6902,1219.0817,57270500,
CI005469.WI,激光加工设备(中信),2023-07-20,1220.8257,1224.0878,1198.1823,1198.8087,42992700,
CI005469.WI,激光加工设备(中信),2023-07-21,1196.8303,1199.9839,1184.9268,1186.3685,37810800,
CI005469.WI,激光加工设备(中信),2023-07-24,1183.4706,1194.121,1174.0417,1181.6085,28174500,
CI005469.WI,激光加工设备(中信),2023-07-25,1193.5393,1209.6862,1193.5393,1205.2379,41260900,
CI005469.WI,激光加工设备(中信),2023-07-26,1202.1376,1203.7693,1180.146,1181.3448,33137600,
CI005469.WI,激光加工设备(中信),2023-07-27,1183.3329,1188.0376,1148.54,1151.9448,49058300,
CI005469.WI,激光加工设备(中信),2023-07-28,1148.8293,1154.5337,1140.6079,1151.4065,36134800,
CI005469.WI,激光加工设备(中信),2023-07-31,1151.0476,1166.3224,1150.2778,1160.0471,40728200,
CI005469.WI,激光加工设备(中信),2023-08-01,1161.5535,1162.0454,1145.292,1153.7047,36573200,
CI005469.WI,激光加工设备(中信),2023-08-02,1147.6244,1166.0037,1147.6244,1161.2645,30917000,
CI005469.WI,激光加工设备(中信),2023-08-03,1157.0531,1171.6501,1152.7435,1160.0066,29735400,
CI005469.WI,激光加工设备(中信),2023-08-04,1170.4447,1179.3799,1160.4946,1173.4237,46311600,
CI005469.WI,激光加工设备(中信),2023-08-07,1169.819,1182.1251,1167.6898,1181.0516,34561900,
CI005469.WI,激光加工设备(中信),2023-08-08,1180.1061,1183.7725,1165.9606,1167.4775,33414600,
CI005469.WI,激光加工设备(中信),2023-08-09,1161.8148,1162.5144,1146.7949,1149.9753,39467000,
CI005469.WI,激光加工设备(中信),2023-08-10,1149.757,1160.8179,1148.4596,1158.6349,25760100,
CI005469.WI,激光加工设备(中信),2023-08-11,1159.8358,1160.7554,1136.0238,1136.4144,29141900,
CI005469.WI,激光加工设备(中信),2023-08-14,1129.6779,1132.5345,1115.7836,1129.6855,33437500,
CI005469.WI,激光加工设备(中信),2023-08-15,1131.6775,1134.4088,1105.2351,1111.9619,30254100,
CI005469.WI,激光加工设备(中信),2023-08-16,1089.4818,1112.7401,1084.1093,1085.0034,33839200,
CI005469.WI,激光加工设备(中信),2023-08-17,1084.5663,1114.4135,1077.8652,1107.6978,40228200,
CI005469.WI,激光加工设备(中信),2023-08-18,1105.2985,1114.2252,1093.9642,1094.6987,29259300,
CI005469.WI,激光加工设备(中信),2023-08-21,1092.6221,1097.8936,1063.0085,1063.6685,37471600,
CI005469.WI,激光加工设备(中信),2023-08-22,1073.8218,1081.8389,1046.1757,1071.0599,40721900,
CI005469.WI,激光加工设备(中信),2023-08-23,1071.6454,1071.6454,1040.4167,1040.9182,26351400,
CI005469.WI,激光加工设备(中信),2023-08-24,1026.9489,1063.1057,1026.9489,1044.2832,32697200,
CI005469.WI,激光加工设备(中信),2023-08-25,1036.6003,1037.4032,1013.0135,1018.9318,38332900,
CI005469.WI,激光加工设备(中信),2023-08-28,1084.8372,1084.8372,1014.9084,1019.0236,51032700,
CI005469.WI,激光加工设备(中信),2023-08-29,1016.5463,1070.8538,1015.7152,1068.1558,46799800,
CI005469.WI,激光加工设备(中信),2023-08-30,1067.7712,1094.4156,1067.5872,1078.6936,47902300,
CI005469.WI,激光加工设备(中信),2023-08-31,1079.4288,1088.1018,1076.0746,1078.3065,45697500,
CI005469.WI,激光加工设备(中信),2023-09-01,1078.7561,1081.9468,1066.933,1074.3002,28909400,
CI005469.WI,激光加工设备(中信),2023-09-04,1077.4823,1084.4688,1064.8263,1084.4688,33785200,
CI005469.WI,激光加工设备(中信),2023-09-05,1084.6466,1144.2706,1079.7047,1136.5275,82683500,
CI005469.WI,激光加工设备(中信),2023-09-06,1146.0453,1156.2887,1129.1505,1153.7147,102027800,
CI005469.WI,激光加工设备(中信),2023-09-07,1153.5819,1153.5819,1116.2484,1116.2484,84688800,
CI005469.WI,激光加工设备(中信),2023-09-08,1115.1526,1141.5923,1113.444,1133.7368,93430400,
CI005469.WI,激光加工设备(中信),2023-09-11,1139.9614,1153.3363,1121.4517,1145.0146,78239500,
CI005469.WI,激光加工设备(中信),2023-09-12,1136.4764,1153.7939,1128.0769,1142.4474,54182500,
CI005469.WI,激光加工设备(中信),2023-09-13,1136.3715,1136.3715,1107.0094,1120.2888,61628000,
CI005469.WI,激光加工设备(中信),2023-09-14,1119.6815,1126.0613,1106.0078,1107.8717,41260700,
CI005469.WI,激光加工设备(中信),2023-09-15,1108.9819,1119.2136,1094.8816,1103.3372,43852000,
CI005469.WI,激光加工设备(中信),2023-09-18,1105.2942,1142.7083,1103.887,1124.1812,79652100,
CI005469.WI,激光加工设备(中信),2023-09-19,1117.5853,1118.9247,1093.0332,1096.8331,53220600,
CI005469.WI,激光加工设备(中信),2023-09-20,1100.9995,1104.8447,1083.5396,1084.1178,40368400,
CI005469.WI,激光加工设备(中信),2023-09-21,1078.1785,1087.2086,1071.2629,1075.223,32694400,
CI005469.WI,激光加工设备(中信),2023-09-22,1076.179,1103.9874,1070.328,1101.2452,40191700,
CI005469.WI,激光加工设备(中信),2023-09-25,1099.2168,1119.4723,1096.038,1118.4766,49089000,
CI005469.WI,激光加工设备(中信),2023-09-26,1113.1622,1119.7186,1106.7086,1112.8834,38530800,
CI005469.WI,激光加工设备(中信),2023-09-27,1114.442,1144.2162,1114.442,1129.5812,49698400,
CI005469.WI,激光加工设备(中信),2023-09-28,1129.0302,1142.3781,1129.0302,1134.2581,37602700,
CI005469.WI,激光加工设备(中信),2023-10-09,1129.0697,1132.1222,1115.5594,1130.7515,34135600,
CI005469.WI,激光加工设备(中信),2023-10-10,1128.3831,1135.2924,1117.8792,1120.5493,28707600,
CI005469.WI,激光加工设备(中信),2023-10-11,1127.243,1145.063,1124.0475,1136.254,45446000,
CI005469.WI,激光加工设备(中信),2023-10-12,1141.0562,1142.8291,1125.6774,1135.5448,37091100,
CI005469.WI,激光加工设备(中信),2023-10-13,1127.6084,1128.7186,1114.2307,1118.6406,39882400,
CI005469.WI,激光加工设备(中信),2023-10-16,1114.6605,1118.3536,1087.7704,1093.8976,44396000,
CI005469.WI,激光加工设备(中信),2023-10-17,1094.9231,1102.3961,1083.9119,1097.606,32248000,
CI005469.WI,激光加工设备(中信),2023-10-18,1095.3058,1096.9724,1070.4381,1070.4381,30596300,
CI005469.WI,激光加工设备(中信),2023-10-19,1064.2468,1079.5057,1063.4904,1065.4425,27362300,
CI005469.WI,激光加工设备(中信),2023-10-20,1060.9604,1072.299,1049.8905,1052.1644,26925800,
CI005469.WI,激光加工设备(中信),2023-10-23,1045.8149,1045.9924,1023.4883,1029.1669,32303900,
CI005469.WI,激光加工设备(中信),2023-10-24,1021.9034,1026.2938,990.4922,1015.7812,49656200,
CI005469.WI,激光加工设备(中信),2023-10-25,1018.6271,1032.6125,1010.769,1011.3107,34109000,
CI005469.WI,激光加工设备(中信),2023-10-26,1003.8019,1023.2114,994.728,1023.0657,32215700,
CI005469.WI,激光加工设备(中信),2023-10-27,1000.1973,1055.4209,1000.1973,1051.0217,44479000,
CI005469.WI,激光加工设备(中信),2023-10-30,1037.4006,1068.5663,1034.495,1062.1261,54913000,
CI005469.WI,激光加工设备(中信),2023-10-31,1062.6805,1071.8828,1047.3983,1056.0463,38528200,
CI005469.WI,激光加工设备(中信),2023-11-01,1055.1821,1061.7581,1044.6079,1051.9298,31064500,
CI005469.WI,激光加工设备(中信),2023-11-02,1049.9801,1057.0267,1028.8168,1029.8976,35189000,
CI005469.WI,激光加工设备(中信),2023-11-03,1035.4961,1060.6179,1035.4961,1056.7319,48977200,
CI005469.WI,激光加工设备(中信),2023-11-06,1064.1759,1086.6677,1064.1759,1082.6149,45373400,
CI005469.WI,激光加工设备(中信),2023-11-07,1082.6464,1100.7815,1075.8158,1096.0065,48417800,
CI005469.WI,激光加工设备(中信),2023-11-08,1092.9136,1110.8492,1091.2467,1102.3231,65239300,
CI005469.WI,激光加工设备(中信),2023-11-09,1104.0421,1116.01,1099.9733,1104.1298,59416300,
CI005469.WI,激光加工设备(中信),2023-11-10,1100.528,1102.5942,1085.387,1097.4902,40479500,
CI005469.WI,激光加工设备(中信),2023-11-13,1098.6279,1109.2316,1097.8772,1107.3534,39366500,
CI005469.WI,激光加工设备(中信),2023-11-14,1107.3593,1118.111,1103.5853,1111.7731,37226500,
CI005469.WI,激光加工设备(中信),2023-11-15,1119.4662,1128.0746,1113.2332,1116.3325,40353400,
CI005469.WI,激光加工设备(中信),2023-11-16,1110.1942,1111.205,1089.8608,1090.0234,35301900,
CI005469.WI,激光加工设备(中信),2023-11-17,1089.1956,1102.4657,1088.5203,1101.053,32648900,
CI005469.WI,激光加工设备(中信),2023-11-20,1102.1586,1120.3975,1102.1586,1118.0123,51358300,
CI005469.WI,激光加工设备(中信),2023-11-21,1125.7754,1133.8977,1116.2386,1118.3004,69657300,
CI005469.WI,激光加工设备(中信),2023-11-22,1117.127,1121.5837,1094.4131,1095.2448,62080100,
CI005469.WI,激光加工设备(中信),2023-11-23,1092.5358,1110.5521,1086.1686,1105.448,41941200,
CI005469.WI,激光加工设备(中信),2023-11-24,1104.35,1105.8264,1074.3323,1076.4966,39336700,
CI005469.WI,激光加工设备(中信),2023-11-27,1075.2504,1087.5435,1067.0006,1083.0815,36602200,
CI005469.WI,激光加工设备(中信),2023-11-28,1085.4777,1104.6221,1082.3484,1097.4614,38727900,
CI005469.WI,激光加工设备(中信),2023-11-29,1095.7102,1116.3151,1094.7106,1111.6969,53978100,
CI005469.WI,激光加工设备(中信),2023-11-30,1108.9486,1110.0992,1082.9543,1091.4359,38450400,
CI005469.WI,激光加工设备(中信),2023-12-01,1091.007,1092.771,1081.3229,1091.0792,25163700,
CI005469.WI,激光加工设备(中信),2023-12-04,1093.5552,1096.5406,1079.5577,1080.1793,31440800,
CI005469.WI,激光加工设备(中信),2023-12-05,1080.8475,1080.8475,1050.478,1050.478,29590600,
CI005469.WI,激光加工设备(中信),2023-12-06,1049.0177,1061.5255,1047.2301,1051.4092,28342400,
CI005469.WI,激光加工设备(中信),2023-12-07,1047.2657,1059.3821,1043.5024,1051.9451,26657100,
CI005469.WI,激光加工设备(中信),2023-12-08,1052.8702,1064.0905,1051.8221,1053.3719,33771800,
CI005469.WI,激光加工设备(中信),2023-12-11,1051.7581,1076.6716,1037.5405,1073.3281,37654100,
CI005469.WI,激光加工设备(中信),2023-12-12,1072.4347,1073.7668,1061.7328,1067.6571,22854400,
CI005469.WI,激光加工设备(中信),2023-12-13,1066.1984,1069.1921,1050.9729,1051.679,24117300,
CI005469.WI,激光加工设备(中信),2023-12-14,1056.5527,1064.5529,1038.5184,1039.5948,24707900,
CI005469.WI,激光加工设备(中信),2023-12-15,1043.6639,1049.8237,1030.9861,1032.4402,23043100,
CI005469.WI,激光加工设备(中信),2023-12-18,1028.4537,1032.2887,1013.4037,1015.3429,27904500,
CI005469.WI,激光加工设备(中信),2023-12-19,1012.9476,1028.3524,1008.8102,1023.9826,22017400,
CI005469.WI,激光加工设备(中信),2023-12-20,1027.8193,1029.7048,1009.0802,1009.5758,26191600,
CI005469.WI,激光加工设备(中信),2023-12-21,1000.6429,1022.0912,993.2174,1017.2971,31919200,
CI005469.WI,激光加工设备(中信),2023-12-22,1016.093,1029.2281,1006.7897,1012.8242,29113200,
CI005469.WI,激光加工设备(中信),2023-12-25,1012.6117,1029.9709,1011.0099,1019.1073,19945000,
CI005469.WI,激光加工设备(中信),2023-12-26,1018.4424,1018.4424,995.1481,1000.3718,26763600,
CI005469.WI,激光加工设备(中信),2023-12-27,1000.11,1004.1376,991.3992,1000.7265,22502900,
CI005469.WI,激光加工设备(中信),2023-12-28,1000.7275,1040.1885,1000.7275,1035.0439,48560600,
CI005469.WI,激光加工设备(中信),2023-12-29,1031.3737,1051.7992,1030.1506,1051.7992,40279600,
CI005469.WI,激光加工设备(中信),2024-01-02,1048.5674,1048.6591,1033.595,1034.1335,31309900,
CI005469.WI,激光加工设备(中信),2024-01-03,1032.7233,1032.8944,1001.0593,1008.6157,37291200,
CI005469.WI,激光加工设备(中信),2024-01-04,1007.7636,1007.9188,994.5033,997.8202,27055600,
CI005469.WI,激光加工设备(中信),2024-01-05,998.7397,1005.8323,972.1589,975.9781,35634300,
CI005469.WI,激光加工设备(中信),2024-01-08,972.9548,972.9548,948.6354,948.6354,42402737,
CI005469.WI,激光加工设备(中信),2024-01-09,948.9587,972.173,946.6501,955.523,34022800,
CI005469.WI,激光加工设备(中信),2024-01-10,951.9076,964.4769,937.3481,942.8652,26002700,
CI005469.WI,激光加工设备(中信),2024-01-11,940.6701,964.5399,939.8884,960.095,25503100,
CI005469.WI,激光加工设备(中信),2024-01-12,958.4868,978.2343,954.2822,958.8063,29991200,
CI005469.WI,激光加工设备(中信),2024-01-15,953.5534,955.4379,939.3043,939.8596,28601700,
CI005469.WI,激光加工设备(中信),2024-01-16,941.1682,947.3211,919.4085,933.4676,30573900,
CI005469.WI,激光加工设备(中信),2024-01-17,938.9031,940.4413,902.8959,903.581,37478400,
CI005469.WI,激光加工设备(中信),2024-01-18,899.9738,916.0303,885.5677,915.7402,49218100,
CI005469.WI,激光加工设备(中信),2024-01-19,913.8299,924.9032,899.5221,899.6484,31340700,
CI005469.WI,激光加工设备(中信),2024-01-22,897.6621,902.6166,841.2519,847.009,44654100,
CI005469.WI,激光加工设备(中信),2024-01-23,844.1318,870.1224,838.4363,863.9476,42641000,
CI005469.WI,激光加工设备(中信),2024-01-24,865.8008,871.455,833.9526,862.4208,39370100,
CI005469.WI,激光加工设备(中信),2024-01-25,863.503,889.9891,854.0202,884.4472,42060700,
CI005469.WI,激光加工设备(中信),2024-01-26,881.5599,884.7645,861.1589,863.3272,33321900,
CI005469.WI,激光加工设备(中信),2024-01-29,868.6829,870.3987,828.0299,828.0299,35354100,
CI005469.WI,激光加工设备(中信),2024-01-30,824.0532,835.0421,800.8554,801.1151,31205900,
CI005469.WI,激光加工设备(中信),2024-01-31,801.4188,802.115,756.2351,756.3836,49408300,
CI005469.WI,激光加工设备(中信),2024-02-01,754.735,775.8999,747.2587,758.4666,44342000,
CI005469.WI,激光加工设备(中信),2024-02-02,760.5624,767.5556,696.3176,719.4356,56092200,
CI005469.WI,激光加工设备(中信),2024-02-05,713.6325,714.888,647.7879,667.1129,71275800,
CI005469.WI,激光加工设备(中信),2024-02-06,670.761,729.2703,668.5303,722.8537,63734000,
CI005469.WI,激光加工设备(中信),2024-02-07,746.6891,776.5504,744.4816,763.3355,79394600,
CI005469.WI,激光加工设备(中信),2024-02-08,771.41,814.6497,767.462,807.0783,107779100,
CI005469.WI,激光加工设备(中信),2024-02-19,812.0338,813.1242,785.9355,803.2875,73221600,
CI005469.WI,激光加工设备(中信),2024-02-20,801.2768,801.5071,784.7571,799.0925,48509000,
CI005469.WI,激光加工设备(中信),2024-02-21,791.7074,831.2232,788.5043,805.5297,61776800,
CI005469.WI,激光加工设备(中信),2024-02-22,803.5645,820.5037,803.5645,817.4634,46661600,
CI005469.WI,激光加工设备(中信),2024-02-23,818.1282,841.223,814.6329,839.7111,55111900,
CI005469.WI,激光加工设备(中信),2024-02-26,857.6061,883.2639,850.7647,883.2639,104936900,
CI005469.WI,激光加工设备(中信),2024-02-27,868.6733,893.1777,857.9893,893.1736,92530900,
CI005469.WI,激光加工设备(中信),2024-02-28,890.5166,904.9048,831.9304,832.0022,102957000,
CI005469.WI,激光加工设备(中信),2024-02-29,822.6904,871.7991,821.8887,871.6752,74318200,
CI005469.WI,激光加工设备(中信),2024-03-01,874.7092,887.3853,868.4335,886.2159,78090900,
CI005469.WI,激光加工设备(中信),2024-03-04,891.6572,893.062,866.9027,878.4055,62503600,
CI005469.WI,激光加工设备(中信),2024-03-05,870.7347,876.7545,858.7565,863.8939,54816000,
CI005469.WI,激光加工设备(中信),2024-03-06,859.5023,883.6083,852.2719,871.8638,49619200,
CI005469.WI,激光加工设备(中信),2024-03-07,877.9291,892.2018,855.7032,855.7032,68304100,
CI005469.WI,激光加工设备(中信),2024-03-08,855.4167,871.299,852.7981,869.0117,46508200,
CI005469.WI,激光加工设备(中信),2024-03-11,867.0933,884.7842,859.1677,884.7842,53979100,
CI005469.WI,激光加工设备(中信),2024-03-12,887.9854,894.9657,878.3943,889.0107,60295200,
CI005469.WI,激光加工设备(中信),2024-03-13,888.7606,893.1666,880.281,884.5598,49341600,
CI005469.WI,激光加工设备(中信),2024-03-14,880.8022,890.1899,860.3538,872.1655,52494500,
CI005469.WI,激光加工设备(中信),2024-03-15,872.381,883.2523,867.6432,883.1059,48271400,
CI005469.WI,激光加工设备(中信),2024-03-18,888.0167,900.6475,881.4394,900.6475,61637700,
CI005469.WI,激光加工设备(中信),2024-03-19,899.6129,907.4719,894.6762,894.7299,61137000,
CI005469.WI,激光加工设备(中信),2024-03-20,894.5215,902.2921,888.9238,899.9408,48593800,
CI005469.WI,激光加工设备(中信),2024-03-21,899.2813,901.8251,881.4333,888.5085,45629500,
CI005469.WI,激光加工设备(中信),2024-03-22,881.3585,887.2413,859.707,866.092,56446700,
CI005469.WI,激光加工设备(中信),2024-03-25,857.5825,866.4927,838.4471,838.7914,54001600,
CI005469.WI,激光加工设备(中信),2024-03-26,833.0939,845.5072,820.5671,834.1298,50879900,
CI005469.WI,激光加工设备(中信),2024-03-27,832.1386,833.6682,796.6901,796.7352,47502200,
CI005469.WI,激光加工设备(中信),2024-03-28,795.0357,825.2996,794.7051,813.2886,41944300,
CI005469.WI,激光加工设备(中信),2024-03-29,812.7334,821.0272,805.3066,820.8936,30538100,
CI005469.WI,激光加工设备(中信),2024-04-01,821.7663,849.798,821.7663,849.4371,39926200,
CI005469.WI,激光加工设备(中信),2024-04-02,837.992,842.0342,822.6821,826.4868,135235400,
CI005469.WI,激光加工设备(中信),2024-04-03,830.2224,832.5573,810.8377,811.8622,115916500,
CI005469.WI,激光加工设备(中信),2024-04-08,808.4075,818.7676,788.3491,788.3491,92407000,
CI005469.WI,激光加工设备(中信),2024-04-09,789.2136,795.377,783.7053,794.5854,87092100,
CI005469.WI,激光加工设备(中信),2024-04-10,798.9877,799.9916,770.3252,776.0173,100879000,
CI005469.WI,激光加工设备(中信),2024-04-11,772.2322,785.944,771.4968,774.2778,81071000,
CI005469.WI,激光加工设备(中信),2024-04-12,776.9787,795.3704,773.7408,778.5184,104457100,
CI005469.WI,激光加工设备(中信),2024-04-15,775.2708,786.2912,755.9273,767.2505,102137000,
CI005469.WI,激光加工设备(中信),2024-04-16,760.6707,763.9333,731.4774,732.5368,101167900,
CI005469.WI,激光加工设备(中信),2024-04-17,741.8932,771.3328,741.8932,771.1071,99001000,
CI005469.WI,激光加工设备(中信),2024-04-18,766.2609,790.3165,756.7983,772.9525,106704100,
CI005469.WI,激光加工设备(中信),2024-04-19,765.8784,768.7914,750.8609,758.0337,79876200,
CI005469.WI,激光加工设备(中信),2024-04-22,743.6611,758.3738,728.9068,747.1433,69970900,
CI005469.WI,激光加工设备(中信),2024-04-23,751.1627,757.5166,744.8239,751.8246,55568300,
CI005469.WI,激光加工设备(中信),2024-04-24,754.4674,771.0355,748.8842,770.9055,78738400,
CI005469.WI,激光加工设备(中信),2024-04-25,772.3765,787.1896,769.1345,778.0571,110671300,
CI005469.WI,激光加工设备(中信),2024-04-26,772.5818,809.0079,772.4846,805.4915,161380300,
CI005469.WI,激光加工设备(中信),2024-04-29,811.6966,825.8489,808.0098,824.7554,151240200,
CI005469.WI,激光加工设备(中信),2024-04-30,825.6382,831.124,818.8221,823.5743,117938100,
CI005469.WI,激光加工设备(中信),2024-05-06,835.0936,838.3542,827.7983,831.8544,113584000,
CI005469.WI,激光加工设备(中信),2024-05-07,831.6453,832.4196,815.6313,823.1089,101255200,
CI005469.WI,激光加工设备(中信),2024-05-08,820.7181,821.0195,804.7298,805.4421,73455400,
CI005469.WI,激光加工设备(中信),2024-05-09,806.6447,824.239,806.6447,823.7546,84552700,
CI005469.WI,激光加工设备(中信),2024-05-10,823.8695,823.8695,800.6927,803.5884,86042700,
CI005469.WI,激光加工设备(中信),2024-05-13,797.2697,803.2651,789.8873,792.381,67806700,
CI005469.WI,激光加工设备(中信),2024-05-14,793.6791,807.1487,791.125,794.9597,58146200,
CI005469.WI,激光加工设备(中信),2024-05-15,792.3234,798.2231,787.4149,788.1729,57756700,
CI005469.WI,激光加工设备(中信),2024-05-16,794.5636,799.5964,787.7985,789.0375,62612800,
CI005469.WI,激光加工设备(中信),2024-05-17,790.5953,821.5582,785.7682,821.5582,107722900,
CI005469.WI,激光加工设备(中信),2024-05-20,833.1873,833.7062,818.9055,826.0701,126617800,
CI005469.WI,激光加工设备(中信),2024-05-21,821.3074,832.365,815.9285,824.5614,101582900,
CI005469.WI,激光加工设备(中信),2024-05-22,818.1468,830.2012,813.4518,827.1616,94850000,
CI005469.WI,激光加工设备(中信),2024-05-23,826.2687,826.2687,799.9919,801.4955,96940900,
CI005469.WI,激光加工设备(中信),2024-05-24,800.0073,808.0139,785.3021,785.8587,78108800,
CI005469.WI,激光加工设备(中信),2024-05-27,786.9136,798.0918,773.4108,797.8593,68267700,
CI005469.WI,激光加工设备(中信),2024-05-28,795.0952,804.5989,787.3229,788.2504,65519700,
CI005469.WI,激光加工设备(中信),2024-05-29,788.0292,796.0503,782.3356,786.5963,65959800,
CI005469.WI,激光加工设备(中信),2024-05-30,783.6321,791.6726,776.8377,787.602,73522300,
CI005469.WI,激光加工设备(中信),2024-05-31,790.2917,803.9803,789.1053,790.4984,83777000,
CI005469.WI,激光加工设备(中信),2024-06-03,790.1432,796.5068,782.1479,789.1031,77123400,
CI005469.WI,激光加工设备(中信),2024-06-04,787.4688,790.7716,779.3804,789.2947,71573600,
CI005469.WI,激光加工设备(中信),2024-06-05,786.5126,792.7616,779.0848,779.0848,61717600,
CI005469.WI,激光加工设备(中信),2024-06-06,781.6005,789.7504,766.8815,768.9292,88888900,
CI005469.WI,激光加工设备(中信),2024-06-07,771.4769,776.2524,755.9107,759.9443,70607400,
CI005469.WI,激光加工设备(中信),2024-06-11,756.0476,782.5352,748.821,781.2808,64774900,
CI005469.WI,激光加工设备(中信),2024-06-12,783.0994,794.524,781.2521,789.6611,86661600,
CI005469.WI,激光加工设备(中信),2024-06-13,789.5538,800.3892,787.2735,792.534,85703500,
CI005469.WI,激光加工设备(中信),2024-06-14,791.0726,802.27,786.1613,798.9073,108483500,
CI005469.WI,激光加工设备(中信),2024-06-17,794.6873,816.3878,794.4219,809.7675,120332500,
CI005469.WI,激光加工设备(中信),2024-06-18,810.6715,823.9453,808.9014,820.2536,111012300,
CI005469.WI,激光加工设备(中信),2024-06-19,820.3588,821.5425,806.8901,808.2965,95816200,
CI005469.WI,激光加工设备(中信),2024-06-20,807.2347,811.0011,787.9965,787.9965,91291000,
CI005469.WI,激光加工设备(中信),2024-06-21,784.5588,802.5493,778.4734,793.9808,74000800,
CI005469.WI,激光加工设备(中信),2024-06-24,787.6349,795.0973,763.373,765.1463,87176800,
CI005469.WI,激光加工设备(中信),2024-06-25,764.6392,771.9296,748.7131,753.7715,81679500,
CI005469.WI,激光加工设备(中信),2024-06-26,756.157,775.8287,745.8611,774.7162,75827500,
CI005469.WI,激光加工设备(中信),2024-06-27,769.6128,779.4301,763.1044,763.1044,82432600,
CI005469.WI,激光加工设备(中信),2024-06-28,761.7614,790.7232,761.7614,780.8633,108666900,
CI005469.WI,激光加工设备(中信),2024-07-01,784.4636,787.5667,767.4803,784.2966,83965300,
CI005469.WI,激光加工设备(中信),2024-07-02,781.2639,781.2639,766.5294,768.8077,68057100,
CI005469.WI,激光加工设备(中信),2024-07-03,767.0188,770.2191,754.795,755.4332,59270100,
CI005469.WI,激光加工设备(中信),2024-07-04,756.1166,764.3577,748.3054,750.7746,61050100,
CI005469.WI,激光加工设备(中信),2024-07-05,747.8443,756.8513,734.5605,751.9948,64431400,
CI005469.WI,激光加工设备(中信),2024-07-08,749.9778,750.0579,734.6551,736.9633,57858700,
CI005469.WI,激光加工设备(中信),2024-07-09,733.8656,775.7042,730.9332,774.2098,120702200,
CI005469.WI,激光加工设备(中信),2024-07-10,772.808,781.9893,770.6233,774.8162,83776000,
CI005469.WI,激光加工设备(中信),2024-07-11,788.6499,797.7919,776.5412,796.748,126235900,
CI005469.WI,激光加工设备(中信),2024-07-12,787.8562,789.4117,780.7359,785.1368,82943400,
CI005469.WI,激光加工设备(中信),2024-07-15,786.0012,786.1108,772.2028,776.6574,79408800,
CI005469.WI,激光加工设备(中信),2024-07-16,773.3585,795.8749,765.0931,794.5854,111999300,
CI005469.WI,激光加工设备(中信),2024-07-17,792.9017,796.4504,775.9167,776.0323,88648000,
CI005469.WI,激光加工设备(中信),2024-07-18,766.6642,776.0394,753.1112,774.1379,97919600,
CI005469.WI,激光加工设备(中信),2024-07-19,770.8349,790.0726,769.2546,780.6674,117869600,
CI005469.WI,激光加工设备(中信),2024-07-22,781.5518,786.5094,774.9144,784.2362,110194600,
CI005469.WI,激光加工设备(中信),2024-07-23,783.2017,784.1195,762.5039,762.7112,133710600,
CI005469.WI,激光加工设备(中信),2024-07-24,761.0895,775.9261,755.6721,756.2264,127146600,
CI005469.WI,激光加工设备(中信),2024-07-25,748.766,759.7006,744.4205,749.0806,94872200,
CI005469.WI,激光加工设备(中信),2024-07-26,750.8044,759.8283,745.9782,755.3196,81430300,
CI005469.WI,激光加工设备(中信),2024-07-29,756.2979,757.3034,745.745,745.8236,63866000,
CI005469.WI,激光加工设备(中信),2024-07-30,741.3801,747.8519,730.9586,746.9496,62905400,
CI005469.WI,激光加工设备(中信),2024-07-31,745.0874,776.0129,742.6636,776.0129,101061700,
CI005469.WI,激光加工设备(中信),2024-08-01,777.4948,781.7175,770.9617,777.0248,80599500,
CI005469.WI,激光加工设备(中信),2024-08-02,768.9614,779.253,757.8568,759.3447,78287200,
CI005469.WI,激光加工设备(中信),2024-08-05,748.935,761.9741,727.1882,727.1882,88344100,
CI005469.WI,激光加工设备(中信),2024-08-06,738.0869,742.3751,730.4954,738.387,53125000,
CI005469.WI,激光加工设备(中信),2024-08-07,738.437,743.3758,735.1919,735.3864,44856200,
CI005469.WI,激光加工设备(中信),2024-08-08,734.5046,742.5603,723.1459,735.3262,57277500,
CI005469.WI,激光加工设备(中信),2024-08-09,740.5235,746.9908,735.8708,736.251,50766800,
CI005469.WI,激光加工设备(中信),2024-08-12,733.2448,735.4811,726.3072,729.6901,39806600,
CI005469.WI,激光加工设备(中信),2024-08-13,729.3747,734.9308,723.1359,734.9308,37435600,
CI005469.WI,激光加工设备(中信),2024-08-14,734.9469,735.097,728.5522,729.2375,33908300,
CI005469.WI,激光加工设备(中信),2024-08-15,727.9366,742.1512,724.6512,734.5121,47530200,
CI005469.WI,激光加工设备(中信),2024-08-16,738.3964,745.4,734.1524,735.2814,69622200,
CI005469.WI,激光加工设备(中信),2024-08-19,733.6884,750.5562,730.2793,741.875,67897300,
CI005469.WI,激光加工设备(中信),2024-08-20,742.4987,742.8625,722.6061,724.4972,69212300,
CI005469.WI,激光加工设备(中信),2024-08-21,721.2709,729.0781,719.1927,721.7395,48167500,
CI005469.WI,激光加工设备(中信),2024-08-22,720.8816,723.1226,705.8663,707.9649,47675800,
CI005469.WI,激光加工设备(中信),2024-08-23,706.7445,712.6193,702.0316,706.9272,38737600,
CI005469.WI,激光加工设备(中信),2024-08-26,709.0851,714.7179,704.9274,706.4258,42422400,
CI005469.WI,激光加工设备(中信),2024-08-27,702.3415,702.3415,686.585,687.556,55737100,
CI005469.WI,激光加工设备(中信),2024-08-28,687.8194,696.3903,687.5315,691.9276,41221600,
CI005469.WI,激光加工设备(中信),2024-08-29,686.8858,715.3693,685.057,709.991,67608600,
CI005469.WI,激光加工设备(中信),2024-08-30,710.2257,738.3259,709.7765,729.8578,89869600,
CI005469.WI,激光加工设备(中信),2024-09-02,729.0548,732.2226,708.8761,708.8789,59161400,
CI005469.WI,激光加工设备(中信),2024-09-03,708.7582,719.7895,707.7604,715.0144,39183500,
CI005469.WI,激光加工设备(中信),2024-09-04,708.1648,716.84,703.3642,710.2966,36143100,
CI005469.WI,激光加工设备(中信),2024-09-05,710.9445,721.1134,710.5302,715.2224,33158200,
CI005469.WI,激光加工设备(中信),2024-09-06,716.0515,719.7811,706.4767,706.5551,43069900,
CI005469.WI,激光加工设备(中信),2024-09-09,702.8065,710.139,698.6115,702.1938,34138100,
CI005469.WI,激光加工设备(中信),2024-09-10,703.2693,712.81,692.399,709.2424,38778900,
CI005469.WI,激光加工设备(中信),2024-09-11,705.5206,710.3309,702.0115,705.827,30510400,
CI005469.WI,激光加工设备(中信),2024-09-12,708.6216,716.4776,699.5894,699.8827,35354600,
CI005469.WI,激光加工设备(中信),2024-09-13,700.8582,703.5238,689.9916,689.9916,37602300,
CI005469.WI,激光加工设备(中信),2024-09-18,693.6682,695.6764,680.8548,691.2706,44344500,
CI005469.WI,激光加工设备(中信),2024-09-19,695.1789,707.8233,687.1378,698.9372,58710700,
CI005469.WI,激光加工设备(中信),2024-09-20,698.9828,700.0239,689.8919,693.6935,38868400,
CI005469.WI,激光加工设备(中信),2024-09-23,693.1337,700.5338,688.2395,693.507,35307500,
CI005469.WI,激光加工设备(中信),2024-09-24,696.6231,722.9166,693.2446,722.7668,80760800,
CI005469.WI,激光加工设备(中信),2024-09-25,729.2011,741.5753,723.663,723.8102,87105100,
CI005469.WI,激光加工设备(中信),2024-09-26,723.6063,746.0935,722.8827,746.0935,79419000,
CI005469.WI,激光加工设备(中信),2024-09-27,759.8429,801.9707,759.1624,797.8687,142999900,
CI005469.WI,激光加工设备(中信),2024-09-30,830.7961,893.0838,825.0297,889.273,245227100,
CI005469.WI,激光加工设备(中信),2024-10-08,1006.1734,1006.1734,928.4568,994.3534,310595700,
CI005469.WI,激光加工设备(中信),2024-10-09,967.3492,991.2897,917.8455,925.0656,262671300,
CI005469.WI,激光加工设备(中信),2024-10-10,931.8033,948.1263,897.5358,907.6462,167986400,
CI005469.WI,激光加工设备(中信),2024-10-11,873.4732,879.3104,843.9813,856.1534,140018600,
CI005469.WI,激光加工设备(中信),2024-10-14,858.3154,871.5009,836.7819,870.1107,118192500,
CI005469.WI,激光加工设备(中信),2024-10-15,866.6771,881.6551,849.3272,849.7633,105319100,
CI005469.WI,激光加工设备(中信),2024-10-16,834.39,850.8378,827.7809,834.293,88108100,
CI005469.WI,激光加工设备(中信),2024-10-17,840.498,849.1606,828.7889,829.7128,94851900,
CI005469.WI,激光加工设备(中信),2024-10-18,829.1095,904.4956,829.1095,882.6577,187461300,
CI005469.WI,激光加工设备(中信),2024-10-21,892.8306,923.84,887.1387,902.1802,186200800,
CI005469.WI,激光加工设备(中信),2024-10-22,909.136,922.038,897.5636,911.5556,146399500,
CI005469.WI,激光加工设备(中信),2024-10-23,907.4076,933.2602,900.1811,916.8539,143320800,
CI005469.WI,激光加工设备(中信),2024-10-24,912.1995,926.8151,904.5256,914.4205,114431800,
CI005469.WI,激光加工设备(中信),2024-10-25,920.8185,966.0241,918.6388,958.5727,181355200,
CI005469.WI,激光加工设备(中信),2024-10-28,984.13,993.3592,968.3405,979.7714,244201500,
CI005469.WI,激光加工设备(中信),2024-10-29,978.7202,1008.8924,955.8196,977.3803,252467400,
CI005469.WI,激光加工设备(中信),2024-10-30,968.3587,1018.4256,964.9734,1010.7862,259097600,
CI005469.WI,激光加工设备(中信),2024-10-31,1020.1209,1021.4353,998.2949,1006.0095,215412500,
CI005469.WI,激光加工设备(中信),2024-11-01,997.9285,1010.0149,966.8439,967.219,232149000,
CI005469.WI,激光加工设备(中信),2024-11-04,966.1829,998.9608,966.1829,990.105,147541700,
CI005469.WI,激光加工设备(中信),2024-11-05,988.9292,1023.7778,982.0296,1017.8135,207624500,
CI005469.WI,激光加工设备(中信),2024-11-06,1021.7325,1059.5417,1019.0655,1036.3659,273762000,
CI005469.WI,激光加工设备(中信),2024-11-07,1019.2342,1029.4309,1009.1289,1028.8331,233577400,
CI005469.WI,激光加工设备(中信),2024-11-08,1035.8961,1062.8426,1035.6957,1039.9068,241592000,
CI005469.WI,激光加工设备(中信),2024-11-11,1045.7711,1130.1973,1045.7711,1127.5529,310739100,
CI005469.WI,激光加工设备(中信),2024-11-12,1129.2158,1132.275,1070.0769,1079.4149,299010200,
CI005469.WI,激光加工设备(中信),2024-11-13,1067.7839,1077.8819,1040.3224,1076.6812,197498300,
CI005469.WI,激光加工设备(中信),2024-11-14,1074.6794,1086.9801,1035.2925,1039.6073,171676800,
CI005469.WI,激光加工设备(中信),2024-11-15,1035.1735,1071.6366,1029.9905,1036.9728,278610600,
CI005469.WI,激光加工设备(中信),2024-11-18,1037.8189,1040.3354,978.8538,986.4602,230360600,
CI005469.WI,激光加工设备(中信),2024-11-19,987.9855,1025.4885,985.2748,1025.4885,196460200,
CI005469.WI,激光加工设备(中信),2024-11-20,1020.444,1051.483,1018.8699,1045.1164,241230700,
CI005469.WI,激光加工设备(中信),2024-11-21,1045.1871,1050.2232,1021.5009,1033.9372,178871500,
CI005469.WI,激光加工设备(中信),2024-11-22,1026.6455,1038.1944,983.9473,984.5111,168076900,
CI005469.WI,激光加工设备(中信),2024-11-25,985.1309,990.1531,957.5671,973.8397,165114700,
CI005469.WI,激光加工设备(中信),2024-11-26,976.303,991.6798,960.0983,960.5486,142532600,
CI005469.WI,激光加工设备(中信),2024-11-27,958.462,987.0397,944.2269,987.0397,150801600,
CI005469.WI,激光加工设备(中信),2024-11-28,986.0421,1000.7359,977.8394,979.2876,144809100,
CI005469.WI,激光加工设备(中信),2024-11-29,975.5811,1012.2806,968.7915,1000.8857,163832300,
CI005469.WI,激光加工设备(中信),2024-12-02,1000.3885,1018.5504,995.7388,1013.4112,155173600,
CI005469.WI,激光加工设备(中信),2024-12-03,1011.9135,1012.3946,991.4233,1004.2267,129601600,
CI005469.WI,激光加工设备(中信),2024-12-04,1003.2192,1008.9592,987.7183,993.7017,120938700,
CI005469.WI,激光加工设备(中信),2024-12-05,990.0611,1016.6683,988.8433,1011.4417,127831400,
CI005469.WI,激光加工设备(中信),2024-12-06,1011.3272,1028.3572,999.9902,1024.1631,143095800,
CI005469.WI,激光加工设备(中信),2024-12-09,1026.8414,1031.3683,1011.6931,1018.0877,128818000,
CI005469.WI,激光加工设备(中信),2024-12-10,1050.383,1053.2863,1019.7535,1021.6651,167138200,
CI005469.WI,激光加工设备(中信),2024-12-11,1021.5646,1038.4338,1019.9508,1036.2099,124091200,
CI005469.WI,激光加工设备(中信),2024-12-12,1036.5811,1036.8302,1016.4897,1030.3585,112953200,
CI005469.WI,激光加工设备(中信),2024-12-13,1022.7537,1024.4668,1004.8561,1004.8561,127923400,
CI005469.WI,激光加工设备(中信),2024-12-16,1008.5717,1011.1239,990.5893,995.6196,107208200,
CI005469.WI,激光加工设备(中信),2024-12-17,994.3625,1008.3069,978.5891,981.207,99121200,
CI005469.WI,激光加工设备(中信),2024-12-18,988.2848,995.3327,972.0661,983.7865,83391100,
CI005469.WI,激光加工设备(中信),2024-12-19,970.9127,1024.8411,970.6042,1014.6947,154853800,
CI005469.WI,激光加工设备(中信),2024-12-20,1010.5957,1034.6615,1004.0126,1021.3195,127427900,
CI005469.WI,激光加工设备(中信),2024-12-23,1026.2176,1028.9107,995.6412,996.6863,115857100,
CI005469.WI,激光加工设备(中信),2024-12-24,996.4471,1006.6639,983.539,999.3611,92559000,
CI005469.WI,激光加工设备(中信),2024-12-25,1000.4125,1003.3385,980.8594,986.2774,85545500,
CI005469.WI,激光加工设备(中信),2024-12-26,982.522,1033.079,978.1363,1028.0722,136878900,
CI005469.WI,激光加工设备(中信),2024-12-27,1029.0033,1056.4526,1022.8662,1024.7155,157313000,
CI005469.WI,激光加工设备(中信),2024-12-30,1025.4872,1065.6995,1024.4453,1041.5267,132280000,
CI005469.WI,激光加工设备(中信),2024-12-31,1038.0024,1043.9579,1006.508,1006.508,116893800,
